Course Name,Club Name,City,State,Country,Tee Name,Gender,Total Yardage,Total Par,Rating (M),Slope (M),Rating (F),Slope (F),H1 Par,H1 Yards,H1 HCP,H2 Par,H2 Yards,H2 HCP,H3 Par,H3 Yards,H3 HCP,H4 Par,H4 Yards,H4 HCP,H5 Par,H5 Yards,H5 HCP,H6 Par,H6 Yards,H6 HCP,H7 Par,H7 Yards,H7 HCP,H8 Par,H8 Yards,H8 HCP,H9 Par,H9 Yards,H9 HCP,H10 Par,H10 Yards,H10 HCP,H11 Par,H11 Yards,H11 HCP,H12 Par,H12 Yards,H12 HCP,H13 Par,H13 Yards,H13 HCP,H14 Par,H14 Yards,H14 HCP,H15 Par,H15 Yards,H15 HCP,H16 Par,H16 Yards,H16 HCP,H17 Par,H17 Yards,H17 HCP,H18 Par,H18 Yards,H18 HCP
Meadowbrook Park Golf Course,Arlington Golf Association,Arlington,TX,,,,,,,,,,,,,,,,,,,,,,,,,,,,,,,,,,,,,,,,,,,,,,,,,,,,,,,,,,,,,,,
East,Bear Creek Golf Club,Dallas,TX,,,,,,,,,,,,,,,,,,,,,,,,,,,,,,,,,,,,,,,,,,,,,,,,,,,,,,,,,,,,,,,
West,Bear Creek Golf Club,Dallas,TX,,,,,,,,,,,,,,,,,,,,,,,,,,,,,,,,,,,,,,,,,,,,,,,,,,,,,,,,,,,,,,,
Bridlewood Golf Club,Bridlewood Golf Club,Flower Mound,TX,,,,,,,,,,,,,,,,,,,,,,,,,,,,,,,,,,,,,,,,,,,,,,,,,,,,,,,,,,,,,,,
Brook Hollow Golf Club,Brook Hollow Golf Club,Dallas,TX,,,,,,,,,,,,,,,,,,,,,,,,,,,,,,,,,,,,,,,,,,,,,,,,,,,,,,,,,,,,,,,
Championship,Brookhaven Country Club,Dallas,TX,,,,,,,,,,,,,,,,,,,,,,,,,,,,,,,,,,,,,,,,,,,,,,,,,,,,,,,,,,,,,,,
Presidents,Brookhaven Country Club,Dallas,TX,,,,,,,,,,,,,,,,,,,,,,,,,,,,,,,,,,,,,,,,,,,,,,,,,,,,,,,,,,,,,,,
Masters,Brookhaven Country Club,Dallas,TX,,,,,,,,,,,,,,,,,,,,,,,,,,,,,,,,,,,,,,,,,,,,,,,,,,,,,,,,,,,,,,,
Cedar Crest Golf Course,Cedar Crest Golf Course,Dallas,TX,,,,,,,,,,,,,,,,,,,,,,,,,,,,,,,,,,,,,,,,,,,,,,,,,,,,,,,,,,,,,,,
Colonial Country Club,Colonial Country Club,Fort Worth,TX,,,,,,,,,,,,,,,,,,,,,,,,,,,,,,,,,,,,,,,,,,,,,,,,,,,,,,,,,,,,,,,
Cowboys Golf Club,Cowboys Golf Club,Grapevine,TX,,,,,,,,,,,,,,,,,,,,,,,,,,,,,,,,,,,,,,,,,,,,,,,,,,,,,,,,,,,,,,,
Coyote Ridge Golf Club,Coyote Ridge Golf Club,Carrollton,TX,,,,,,,,,,,,,,,,,,,,,,,,,,,,,,,,,,,,,,,,,,,,,,,,,,,,,,,,,,,,,,,
Gold,Dallas Athletic Club,Dallas,TX,,,,,,,,,,,,,,,,,,,,,,,,,,,,,,,,,,,,,,,,,,,,,,,,,,,,,,,,,,,,,,,
Blue,Dallas Athletic Club,Dallas,TX,,,,,,,,,,,,,,,,,,,,,,,,,,,,,,,,,,,,,,,,,,,,,,,,,,,,,,,,,,,,,,,
Dallas Country Club,Dallas Country Club,Dallas,TX,,,,,,,,,,,,,,,,,,,,,,,,,,,,,,,,,,,,,,,,,,,,,,,,,,,,,,,,,,,,,,,
Dallas National Golf Club,Dallas National Golf Club,Dallas,TX,,,,,,,,,,,,,,,,,,,,,,,,,,,,,,,,,,,,,,,,,,,,,,,,,,,,,,,,,,,,,,,
Eldorado Country Club,Eldorado Country Club,Mckinney,TX,,,,,,,,,,,,,,,,,,,,,,,,,,,,,,,,,,,,,,,,,,,,,,,,,,,,,,,,,,,,,,,
Tradition/Champion,Firewheel At Garland,Garland,TX,,,,,,,,,,,,,,,,,,,,,,,,,,,,,,,,,,,,,,,,,,,,,,,,,,,,,,,,,,,,,,,
Champion/Masters,Firewheel At Garland,Garland,TX,,,,,,,,,,,,,,,,,,,,,,,,,,,,,,,,,,,,,,,,,,,,,,,,,,,,,,,,,,,,,,,
Masters/Tradition,Firewheel At Garland,Garland,TX,,,,,,,,,,,,,,,,,,,,,,,,,,,,,,,,,,,,,,,,,,,,,,,,,,,,,,,,,,,,,,,
Lakes,Firewheel At Garland,Garland,TX,,,,,,,,,,,,,,,,,,,,,,,,,,,,,,,,,,,,,,,,,,,,,,,,,,,,,,,,,,,,,,,
Old,Firewheel At Garland,Garland,TX,,,,,,,,,,,,,,,,,,,,,,,,,,,,,,,,,,,,,,,,,,,,,,,,,,,,,,,,,,,,,,,
Fort Worth Country Club,Fort Worth Country Club,Fort Worth,TX,,,,,,,,,,,,,,,,,,,,,,,,,,,,,,,,,,,,,,,,,,,,,,,,,,,,,,,,,,,,,,,
Meadowbrook Golf Course (Fort Worth),Fort Worth Golf Association,Fort Worth,TX,,,,,,,,,,,,,,,,,,,,,,,,,,,,,,,,,,,,,,,,,,,,,,,,,,,,,,,,,,,,,,,
Rockwood Park Golf Course,Fort Worth Golf Association,Fort Worth,TX,,,,,,,,,,,,,,,,,,,,,,,,,,,,,,,,,,,,,,,,,,,,,,,,,,,,,,,,,,,,,,,
Pecan Valley Golf Course - River,Fort Worth Golf Association,Fort Worth,TX,,,,,,,,,,,,,,,,,,,,,,,,,,,,,,,,,,,,,,,,,,,,,,,,,,,,,,,,,,,,,,,
Pecan Valley Golf Course - Hills,Fort Worth Golf Association,Fort Worth,TX,,,,,,,,,,,,,,,,,,,,,,,,,,,,,,,,,,,,,,,,,,,,,,,,,,,,,,,,,,,,,,,
Tpc,Four Seasons,Irving,TX,,,,,,,,,,,,,,,,,,,,,,,,,,,,,,,,,,,,,,,,,,,,,,,,,,,,,,,,,,,,,,,
Cwv,Four Seasons,Irving,TX,,,,,,,,,,,,,,,,,,,,,,,,,,,,,,,,,,,,,,,,,,,,,,,,,,,,,,,,,,,,,,,
Frisco Lakes Golf Club,Frisco Lakes Golf Club,Frisco,TX,,,,,,,,,,,,,,,,,,,,,,,,,,,,,,,,,,,,,,,,,,,,,,,,,,,,,,,,,,,,,,,
Grand Oaks Golf Club,Grand Oaks Golf Club,Grand Prairie,TX,,,,,,,,,,,,,,,,,,,,,,,,,,,,,,,,,,,,,,,,,,,,,,,,,,,,,,,,,,,,,,,
Pecan/Bluebonnet,Grapevine Golf Course,Grapevine,TX,,,,,,,,,,,,,,,,,,,,,,,,,,,,,,,,,,,,,,,,,,,,,,,,,,,,,,,,,,,,,,,
Pecan/Mockingbird,Grapevine Golf Course,Grapevine,TX,,,,,,,,,,,,,,,,,,,,,,,,,,,,,,,,,,,,,,,,,,,,,,,,,,,,,,,,,,,,,,,
Mockingbird/Bluebonnet,Grapevine Golf Course,Grapevine,TX,,,,,,,,,,,,,,,,,,,,,,,,,,,,,,,,,,,,,,,,,,,,,,,,,,,,,,,,,,,,,,,
Hackberry Creek Country Club,Hackberry Creek Country Club,Irving,TX,,,,,,,,,,,,,,,,,,,,,,,,,,,,,,,,,,,,,,,,,,,,,,,,,,,,,,,,,,,,,,,
Creek,Indian Creek Golf Club,Carrollton,TX,,,,,,,,,,,,,,,,,,,,,,,,,,,,,,,,,,,,,,,,,,,,,,,,,,,,,,,,,,,,,,,
Lakes,Indian Creek Golf Club,Carrollton,TX,,,,,,,,,,,,,,,,,,,,,,,,,,,,,,,,,,,,,,,,,,,,,,,,,,,,,,,,,,,,,,,
Iron Horse Golf Course,Iron Horse Golf Course,North Richland Hills,TX,,,,,,,,,,,,,,,,,,,,,,,,,,,,,,,,,,,,,,,,,,,,,,,,,,,,,,,,,,,,,,,
Keeton Park Golf Course,Keeton Park Golf Course,Dallas,TX,,,,,,,,,,,,,,,,,,,,,,,,,,,,,,,,,,,,,,,,,,,,,,,,,,,,,,,,,,,,,,,
Lake Park Golf Course,Lake Park Golf Course,Lewisville,TX,,,,,,,,,,,,,,,,,,,,,,,,,,,,,,,,,,,,,,,,,,,,,,,,,,,,,,,,,,,,,,,
Lantana Golf Club,Lantana Golf Club,Argyle,TX,,,,,,,,,,,,,,,,,,,,,,,,,,,,,,,,,,,,,,,,,,,,,,,,,,,,,,,,,,,,,,,
Maridoe Golf Club,Maridoe Golf Club,Carrollton,TX,,,,,,,,,,,,,,,,,,,,,,,,,,,,,,,,,,,,,,,,,,,,,,,,,,,,,,,,,,,,,,,
Mira Vista Country Club,Mira Vista Country Club,Fort Worth,TX,,,,,,,,,,,,,,,,,,,,,,,,,,,,,,,,,,,,,,,,,,,,,,,,,,,,,,,,,,,,,,,
White/Blue,Prairie Lakes Golf Course,Grand Prairie,TX,,,,,,,,,,,,,,,,,,,,,,,,,,,,,,,,,,,,,,,,,,,,,,,,,,,,,,,,,,,,,,,
Blue/Red,Prairie Lakes Golf Course,Grand Prairie,TX,,,,,,,,,,,,,,,,,,,,,,,,,,,,,,,,,,,,,,,,,,,,,,,,,,,,,,,,,,,,,,,
Preston Trail Golf Club,Preston Trail Golf Club,Dallas,TX,,,,,,,,,,,,,,,,,,,,,,,,,,,,,,,,,,,,,,,,,,,,,,,,,,,,,,,,,,,,,,,
South,Ridglea Country Club,Fort Worth,TX,,,,,,,,,,,,,,,,,,,,,,,,,,,,,,,,,,,,,,,,,,,,,,,,,,,,,,,,,,,,,,,
North,Ridglea Country Club,Fort Worth,TX,,,,,,,,,,,,,,,,,,,,,,,,,,,,,,,,,,,,,,,,,,,,,,,,,,,,,,,,,,,,,,,
Rolling Hills Country Club,Rolling Hills Country Club,Arlington,TX,,,,,,,,,,,,,,,,,,,,,,,,,,,,,,,,,,,,,,,,,,,,,,,,,,,,,,,,,,,,,,,
Royal Oaks Country Club (Dallas),Royal Oaks Country Club (Dallas),Dallas,TX,,,,,,,,,,,,,,,,,,,,,,,,,,,,,,,,,,,,,,,,,,,,,,,,,,,,,,,,,,,,,,,
Shady Oaks Country Club,Shady Oaks Country Club,Fort Worth,TX,,,,,,,,,,,,,,,,,,,,,,,,,,,,,,,,,,,,,,,,,,,,,,,,,,,,,,,,,,,,,,,
Shady Valley Country Club,Shady Valley Country Club,Arlington,TX,,,,,,,,,,,,,,,,,,,,,,,,,,,,,,,,,,,,,,,,,,,,,,,,,,,,,,,,,,,,,,,
Course #1,Sherrill Park Golf Course,Richardson,TX,,,,,,,,,,,,,,,,,,,,,,,,,,,,,,,,,,,,,,,,,,,,,,,,,,,,,,,,,,,,,,,
Course #2,Sherrill Park Golf Course,Richardson,TX,,,,,,,,,,,,,,,,,,,,,,,,,,,,,,,,,,,,,,,,,,,,,,,,,,,,,,,,,,,,,,,
Sky Creek Ranch Golf Club,Sky Creek Ranch Golf Club,Keller,TX,,,,,,,,,,,,,,,,,,,,,,,,,,,,,,,,,,,,,,,,,,,,,,,,,,,,,,,,,,,,,,,
Stevens Park Golf Course,Stevens Park Golf Course,Dallas,TX,,,,,,,,,,,,,,,,,,,,,,,,,,,,,,,,,,,,,,,,,,,,,,,,,,,,,,,,,,,,,,,
Stewart Peninsula Golf Course,Stewart Peninsula Golf Course,The Colony,TX,,,,,,,,,,,,,,,,,,,,,,,,,,,,,,,,,,,,,,,,,,,,,,,,,,,,,,,,,,,,,,,
Dye,Stonebridge Ranch Country Club,Mckinney,TX,,,,,,,,,,,,,,,,,,,,,,,,,,,,,,,,,,,,,,,,,,,,,,,,,,,,,,,,,,,,,,,
Hills - Cimmarron/Saddleback,Stonebridge Ranch Country Club,Mckinney,TX,,,,,,,,,,,,,,,,,,,,,,,,,,,,,,,,,,,,,,,,,,,,,,,,,,,,,,,,,,,,,,,
Tanglewood Resort & C C,Tanglewood Resort & C C,Pottsboro,TX,,,,,,,,,,,,,,,,,,,,,,,,,,,,,,,,,,,,,,,,,,,,,,,,,,,,,,,,,,,,,,,
Texas Star Golf Course,Texas Star Golf Course,Euless,TX,,,,,,,,,,,,,,,,,,,,,,,,,,,,,,,,,,,,,,,,,,,,,,,,,,,,,,,,,,,,,,,
The Cascades Country Club,The Cascades Country Club,Tyler,TX,,,,,,,,,,,,,,,,,,,,,,,,,,,,,,,,,,,,,,,,,,,,,,,,,,,,,,,,,,,,,,,
Hills,The Clubs Of Prestonwood,Dallas,TX,,,,,,,,,,,,,,,,,,,,,,,,,,,,,,,,,,,,,,,,,,,,,,,,,,,,,,,,,,,,,,,
Creek,The Clubs Of Prestonwood,Dallas,TX,,,,,,,,,,,,,,,,,,,,,,,,,,,,,,,,,,,,,,,,,,,,,,,,,,,,,,,,,,,,,,,
Traditions,The Courses At Watters Creek,Plano,TX,,,,,,,,,,,,,,,,,,,,,,,,,,,,,,,,,,,,,,,,,,,,,,,,,,,,,,,,,,,,,,,
The Golf Club Of Dallas,The Golf Club Of Dallas,Dallas,TX,,,,,,,,,,,,,,,,,,,,,,,,,,,,,,,,,,,,,,,,,,,,,,,,,,,,,,,,,,,,,,,
The Trails Of Frisco Golf Club,The Trails Of Frisco Golf Club,Frisco,TX,,,,,,,,,,,,,,,,,,,,,,,,,,,,,,,,,,,,,,,,,,,,,,,,,,,,,,,,,,,,,,,
The Tribute Golf Links,The Tribute Golf Links,The Colony,TX,,,,,,,,,,,,,,,,,,,,,,,,,,,,,,,,,,,,,,,,,,,,,,,,,,,,,,,,,,,,,,,
Tour 18 Dallas,Tour 18 Dallas,Flower Mound,TX,,,,,,,,,,,,,,,,,,,,,,,,,,,,,,,,,,,,,,,,,,,,,,,,,,,,,,,,,,,,,,,
Tpc At Craig Ranch,Tpc At Craig Ranch,Mckinney,TX,,,,,,,,,,,,,,,,,,,,,,,,,,,,,,,,,,,,,,,,,,,,,,,,,,,,,,,,,,,,,,,
University Of Texas Golf Club,University Of Texas Golf Club,Austin,TX,,,,,,,,,,,,,,,,,,,,,,,,,,,,,,,,,,,,,,,,,,,,,,,,,,,,,,,,,,,,,,,
Waterchase Golf Club,Waterchase Golf Club,Fort Worth,TX,,,,,,,,,,,,,,,,,,,,,,,,,,,,,,,,,,,,,,,,,,,,,,,,,,,,,,,,,,,,,,,
Westridge Golf Course,Westridge Golf Course,Mckinney,TX,,,,,,,,,,,,,,,,,,,,,,,,,,,,,,,,,,,,,,,,,,,,,,,,,,,,,,,,,,,,,,,
South/West,Wildhorse Golf Club @ Robson Ranch,Denton,TX,,,,,,,,,,,,,,,,,,,,,,,,,,,,,,,,,,,,,,,,,,,,,,,,,,,,,,,,,,,,,,,
Sulpher Springs Country Club,Sulphur Springs Country Club,Sulphur Springs,TX,United States,Blue,Male,6457,72,71,119,,,4,373,12,4,426,4,5,451,6,3,175,18,5,473,10,4,396,14,4,365,8,4,424,2,3,140,16,4,321,15,5,483,7,4,391,3,3,203,17,5,505,5,4,398,9,4,318,11,3,200,13,4,415,1
Sulpher Springs Country Club,Sulphur Springs Country Club,Sulphur Springs,TX,United States,White,Male,6001,72,69.4,116,73.5,119,4,357,12,4,389,4,5,426,6,3,155,18,5,444,10,4,378,14,4,352,8,4,405,2,3,130,16,4,303,15,5,454,7,4,375,3,3,191,17,5,505,5,4,375,9,4,284,11,3,144,13,4,334,1
Sulpher Springs Country Club,Sulphur Springs Country Club,Sulphur Springs,TX,United States,Gold,Male,5306,72,67.5,109,69.8,112,4,308,12,4,329,4,5,396,6,3,135,18,5,423,10,4,366,14,4,258,8,4,330,2,3,101,16,4,294,15,5,415,7,4,351,3,3,171,17,5,460,5,4,278,9,4,258,11,3,124,13,4,309,1
Sulpher Springs Country Club,Sulphur Springs Country Club,Sulphur Springs,TX,United States,White,Female,5987,72,,,73.5,119,4,357,7,4,389,5,5,426,11,3,155,15,5,444,17,4,378,3,4,352,9,4,405,1,3,130,13,4,303,8,5,454,16,4,375,2,3,191,6,5,491,12,4,375,4,4,284,18,3,144,10,4,334,14
Sulpher Springs Country Club,Sulphur Springs Country Club,Sulphur Springs,TX,United States,Gold,Female,5306,72,,,69.8,112,4,308,7,4,329,5,5,396,11,3,135,15,5,423,17,4,366,3,4,258,9,4,330,1,3,101,13,4,294,8,5,415,16,4,351,2,3,171,6,5,460,12,4,278,4,4,258,18,3,124,10,4,309,14
Sulpher Springs Country Club,Sulphur Springs Country Club,Sulphur Springs,TX,United States,Red,Female,4863,72,,,67.3,107,4,303,7,4,309,5,5,356,11,3,125,15,5,419,17,4,270,3,4,253,9,4,262,1,3,92,13,4,281,8,5,390,16,4,316,2,3,152,6,5,435,12,4,275,4,4,240,18,3,107,10,4,278,14
North,Abilene Country Club,Abilene,TX,United States,White,Male,6310,70,70.9,130,77.3,135,4,445,3,4,355,17,4,395,15,3,180,11,4,360,7,4,375,5,5,520,9,3,175,13,4,390,1,3,180,12,4,360,4,4,325,18,5,545,16,3,190,10,5,545,6,4,365,14,3,215,8,4,390,2
North,Abilene Country Club,Abilene,TX,United States,Gold,Male,5655,70,67.8,123,73.6,130,4,360,3,4,320,17,4,350,15,3,150,11,4,330,7,4,335,5,5,480,9,3,155,13,4,355,1,3,155,12,4,330,4,4,295,18,5,495,16,3,165,10,5,510,6,4,340,14,3,180,8,4,350,2
North,Abilene Country Club,Abilene,TX,United States,Green,Male,4940,70,64.5,118,69.8,121,4,335,3,4,305,17,4,325,15,3,135,11,4,305,7,4,265,5,5,415,9,3,145,13,4,280,1,3,145,12,4,275,4,4,260,18,5,415,16,3,140,10,5,445,6,4,305,14,3,160,8,4,285,2
North,Abilene Country Club,Abilene,TX,United States,Blue,Male,4071,70,61.6,113,64.9,116,4,280,3,4,260,17,4,285,15,3,115,11,4,250,7,4,200,5,5,342,9,3,110,13,4,255,1,3,130,12,4,232,4,4,212,18,5,345,16,3,110,10,5,370,6,4,235,14,3,120,8,4,220,2
North,Abilene Country Club,Abilene,TX,United States,White,Female,6310,70,,,77.3,135,4,445,3,4,355,15,4,395,7,3,180,13,4,360,11,4,375,5,5,520,9,3,175,17,4,390,1,3,180,16,4,360,8,4,325,18,5,545,4,3,190,6,5,545,12,4,365,14,3,215,10,4,390,2
North,Abilene Country Club,Abilene,TX,United States,Gold,Female,5655,70,,,73.6,130,4,360,3,4,320,15,4,350,7,3,150,13,4,330,11,4,335,5,5,480,9,3,155,17,4,355,1,3,155,16,4,330,8,4,295,18,5,495,4,3,165,6,5,510,12,4,340,14,3,180,10,4,350,2
North,Abilene Country Club,Abilene,TX,United States,Green,Female,4940,70,,,69.8,121,4,335,3,4,305,15,4,325,7,3,135,13,4,305,11,4,265,5,5,415,9,3,145,17,4,280,1,3,145,16,4,275,8,4,260,18,5,415,4,3,140,6,5,445,12,4,305,14,3,160,10,4,285,2
North,Abilene Country Club,Abilene,TX,United States,Blue,Female,4071,70,,,64.9,116,4,280,3,4,260,15,4,285,7,3,115,13,4,250,11,4,200,5,5,342,9,3,110,17,4,255,1,3,130,16,4,232,8,4,212,18,5,345,4,3,110,6,5,370,12,4,235,14,3,120,10,4,220,2
South,Abilene Country Club,Abilene,TX,United States,Black,Male,7136,72,75.1,135,81.8,144,4,404,13,4,446,5,5,585,9,3,214,7,4,407,3,4,415,1,4,400,15,3,184,11,5,525,17,4,425,6,3,197,8,4,420,14,4,390,18,5,526,12,4,403,16,3,165,4,4,465,2,5,565,10
South,Abilene Country Club,Abilene,TX,United States,White,Male,6442,72,72,128,77.9,138,4,382,13,4,395,5,5,523,9,3,178,7,4,385,3,4,391,1,4,391,15,3,158,11,5,489,17,4,364,6,3,163,8,4,405,14,4,380,18,5,470,12,4,382,16,3,129,4,4,374,2,5,483,10
South,Abilene Country Club,Abilene,TX,United States,Gold,Male,5756,72,68.4,125,74.2,131,4,353,13,4,330,5,5,483,9,3,146,7,4,333,3,4,358,1,4,330,15,3,114,11,5,443,17,4,356,6,3,155,8,4,360,14,4,337,18,5,430,12,4,355,16,3,117,4,4,316,2,5,440,10
South,Abilene Country Club,Abilene,TX,United States,Green,Male,5532,72,67.6,120,73.4,126,4,345,13,4,325,5,5,480,9,3,139,7,4,329,3,4,355,1,4,317,15,3,108,11,5,438,17,4,298,6,3,126,8,4,348,14,4,330,18,5,420,12,4,348,16,3,105,4,4,284,2,5,437,10
South,Abilene Country Club,Abilene,TX,United States,Blue,Male,4590,72,63.2,115,68.4,117,4,287,13,4,290,5,5,399,9,3,118,7,4,247,3,4,318,1,4,275,15,3,85,11,5,362,17,4,243,6,3,102,8,4,277,14,4,273,18,5,363,12,4,249,16,3,90,4,4,261,2,5,351,10
South,Abilene Country Club,Abilene,TX,United States,Black,Female,7136,72,,,81.8,144,4,404,9,4,446,11,5,585,3,3,214,13,4,407,1,4,415,7,4,400,15,3,184,17,5,525,5,4,425,8,3,197,18,4,420,10,4,390,14,5,526,6,4,403,4,3,165,12,4,465,2,5,565,16
South,Abilene Country Club,Abilene,TX,United States,White,Female,6442,72,,,77.9,138,4,382,9,4,395,11,5,523,3,3,178,13,4,385,1,4,391,7,4,391,15,3,158,17,5,489,5,4,364,8,3,163,18,4,405,10,4,380,14,5,470,6,4,382,4,3,129,12,4,374,2,5,483,16
South,Abilene Country Club,Abilene,TX,United States,Gold,Female,5756,72,,,74.2,131,4,353,9,4,330,11,5,483,3,3,146,13,4,333,1,4,358,7,4,330,15,3,114,17,5,443,5,4,356,8,3,155,18,4,360,10,4,337,14,5,430,6,4,355,4,3,117,12,4,316,2,5,440,16
South,Abilene Country Club,Abilene,TX,United States,Green,Female,5532,72,,,73.4,126,4,345,9,4,325,11,5,480,3,3,139,13,4,329,1,4,355,7,4,317,15,3,108,17,5,438,5,4,298,8,3,126,18,4,348,10,4,330,14,5,420,6,4,348,4,3,105,12,4,284,2,5,437,16
South,Abilene Country Club,Abilene,TX,United States,Blue,Female,4590,72,,,68.4,117,4,287,9,4,290,11,5,399,3,3,118,13,4,247,1,4,318,7,4,275,15,3,85,17,5,362,5,4,243,8,3,102,18,4,277,10,4,273,14,5,363,6,4,249,4,3,90,12,4,261,2,5,351,16
Alamo Country Club,Alamo Country Club,Alamo,TX,United States,Black,Male,4664,70,63.8,109,,,4,210,17,3,185,1,4,238,7,5,417,13,3,138,9,4,277,11,4,307,3,4,270,15,4,290,5,4,210,18,3,185,2,4,238,8,5,417,14,3,138,10,4,277,12,4,307,4,4,270,16,4,290,6
Alamo Country Club,Alamo Country Club,Alamo,TX,United States,White,Male,4410,70,63.6,104,66.4,112,4,198,17,3,149,1,4,233,7,5,397,13,3,130,9,4,266,11,4,299,3,4,261,15,4,272,5,4,198,18,3,149,2,4,233,8,5,397,14,3,130,10,4,266,12,4,299,4,4,261,16,4,272,6
Alamo Country Club,Alamo Country Club,Alamo,TX,United States,Gold,Male,3944,70,62,100,63.8,107,4,167,17,3,133,1,4,211,7,5,382,13,3,83,9,4,254,11,4,283,3,4,198,15,4,261,5,4,167,18,3,133,2,4,211,8,5,382,14,3,83,10,4,254,12,4,283,4,4,198,16,4,261,6
Alamo Country Club,Alamo Country Club,Alamo,TX,United States,Red,Male,3762,70,61.6,98,62.8,104,4,163,17,3,125,1,4,198,7,5,335,13,3,77,9,4,252,11,4,279,3,4,195,15,4,257,5,4,163,18,3,125,2,4,198,8,5,335,14,3,77,10,4,252,12,4,279,4,4,195,16,4,257,6
Alamo Country Club,Alamo Country Club,Alamo,TX,United States,Blue,Male,3168,70,59.4,96,60.2,100,4,135,17,3,110,1,4,171,7,5,316,13,3,74,9,4,167,11,4,241,3,4,158,15,4,212,5,4,135,18,3,110,2,4,171,8,5,316,14,3,74,10,4,167,12,4,241,4,4,158,16,4,212,6
Alamo Country Club,Alamo Country Club,Alamo,TX,United States,White,Female,4410,70,,,66.4,112,4,198,15,3,149,11,4,233,3,5,397,1,3,130,13,4,266,9,4,299,7,4,261,17,4,272,5,4,198,16,3,149,12,4,233,4,5,397,2,3,130,14,4,266,10,4,299,8,4,261,18,4,272,6
Alamo Country Club,Alamo Country Club,Alamo,TX,United States,Gold,Female,3944,70,,,63.8,107,4,167,15,3,133,11,4,211,3,5,382,1,3,83,13,4,254,9,4,283,7,4,198,17,4,261,5,4,167,16,3,133,12,4,211,4,5,382,2,3,83,14,4,254,10,4,283,8,4,198,18,4,261,6
Alamo Country Club,Alamo Country Club,Alamo,TX,United States,Red,Female,3762,70,,,62.8,104,4,163,15,3,125,11,4,198,3,5,335,1,3,77,13,4,252,9,4,279,7,4,195,17,4,257,5,4,163,16,3,125,12,4,198,4,5,335,2,3,77,14,4,252,10,4,279,8,4,195,18,4,257,6
Alamo Country Club,Alamo Country Club,Alamo,TX,United States,Blue,Female,3168,70,,,60.2,100,4,135,15,3,110,11,4,171,3,5,316,1,3,74,13,4,167,9,4,241,7,4,158,17,4,212,5,4,135,16,3,110,12,4,171,4,5,316,2,3,74,14,4,167,10,4,241,8,4,158,18,4,212,6
Meadowbrook Park Golf Course,Arlington Golf Association,Arlington,TX,United States,Blue,Male,4090,66,61.2,96,,,4,260,1,4,280,13,3,145,5,3,144,11,4,302,9,4,229,15,3,152,3,4,270,17,4,263,7,4,260,2,4,280,14,3,145,6,3,144,12,4,302,10,4,229,16,3,152,4,4,270,18,4,263,8
Meadowbrook Park Golf Course,Arlington Golf Association,Arlington,TX,United States,White,Male,4068,66,61.2,95,63.6,101,4,250,1,4,293,13,3,131,5,3,153,11,4,290,9,4,240,15,3,138,3,4,285,17,4,254,7,4,250,2,4,293,14,3,131,6,3,153,12,4,290,10,4,240,16,3,138,4,4,285,18,4,254,8
Meadowbrook Park Golf Course,Arlington Golf Association,Arlington,TX,United States,Red,Male,3758,66,60.2,94,61.8,98,4,239,1,4,263,13,3,117,5,3,136,11,4,281,9,4,217,15,3,125,3,4,256,17,4,245,7,4,239,2,4,263,14,3,117,6,3,136,12,4,281,10,4,217,16,3,125,4,4,256,18,4,245,8
Meadowbrook Park Golf Course,Arlington Golf Association,Arlington,TX,United States,White,Female,4068,66,,,63.6,101,4,250,1,4,293,13,3,131,5,3,153,11,4,290,9,4,240,15,3,138,3,4,285,17,4,254,7,4,250,2,4,293,14,3,131,6,3,153,12,4,290,10,4,240,16,3,138,4,4,285,18,4,254,8
Meadowbrook Park Golf Course,Arlington Golf Association,Arlington,TX,United States,Red,Female,3758,66,,,61.8,98,4,239,1,4,263,13,3,117,5,3,136,11,4,281,9,4,217,15,3,125,3,4,256,17,4,245,7,4,239,2,4,263,14,3,117,6,3,136,12,4,281,10,4,217,16,3,125,4,4,256,18,4,245,8
Lake Arlington Golf Course,Arlington Golf Association,Arlington,TX,United States,Blue,Male,6635,71,72,118,77.9,129,4,420,2,3,194,12,4,371,16,4,339,14,4,415,10,4,393,4,3,188,6,4,404,8,5,456,18,4,361,17,4,358,15,4,394,9,4,371,1,3,245,7,5,570,5,5,561,3,3,209,11,4,386,13
Lake Arlington Golf Course,Arlington Golf Association,Arlington,TX,United States,White,Male,6203,71,70,115,75.6,124,4,397,2,3,151,12,4,362,16,4,320,14,4,382,10,4,375,4,3,148,6,4,348,8,5,435,18,4,334,17,4,350,15,4,372,9,4,362,1,3,233,7,5,552,5,5,542,3,3,195,11,4,345,13
Lake Arlington Golf Course,Arlington Golf Association,Arlington,TX,United States,Yellow,Male,5525,71,66.8,108,71.8,116,4,359,2,3,115,12,4,343,16,4,296,14,4,351,10,4,353,4,3,129,6,4,315,8,5,407,18,4,308,17,4,302,15,4,322,9,4,317,1,3,175,7,5,478,5,5,475,3,3,136,11,4,344,13
Lake Arlington Golf Course,Arlington Golf Association,Arlington,TX,United States,Red,Male,5350,71,65.9,105,70.8,114,4,355,2,3,110,12,4,339,16,4,294,14,4,348,10,4,349,4,3,125,6,4,311,8,5,402,18,4,305,17,4,296,15,4,319,9,4,314,1,3,169,7,5,407,5,5,472,3,3,131,11,4,304,13
Lake Arlington Golf Course,Arlington Golf Association,Arlington,TX,United States,Blue,Female,6635,71,,,77.9,129,4,420,3,3,194,15,4,371,7,4,339,13,4,415,9,4,393,11,3,188,17,4,404,1,5,456,5,4,361,14,4,358,12,4,394,8,4,371,2,3,245,18,5,570,6,5,561,4,3,209,16,4,386,10
Lake Arlington Golf Course,Arlington Golf Association,Arlington,TX,United States,White,Female,6203,71,,,75.6,124,4,397,3,3,151,15,4,362,7,4,320,13,4,382,9,4,375,11,3,148,17,4,348,1,5,435,5,4,334,14,4,350,12,4,372,8,4,362,2,3,233,18,5,552,6,5,542,4,3,195,16,4,345,10
Lake Arlington Golf Course,Arlington Golf Association,Arlington,TX,United States,Yellow,Female,5525,71,,,71.8,116,4,359,3,3,115,15,4,343,7,4,296,13,4,351,9,4,353,11,3,129,17,4,315,1,5,407,5,4,308,14,4,302,12,4,322,8,4,317,2,3,175,18,5,478,6,5,475,4,3,136,16,4,344,10
Lake Arlington Golf Course,Arlington Golf Association,Arlington,TX,United States,Red,Female,5350,71,,,70.8,114,4,355,3,3,110,15,4,339,7,4,294,13,4,348,9,4,349,11,3,125,17,4,311,1,5,402,5,4,305,14,4,296,12,4,319,8,4,314,2,3,169,18,5,407,6,5,472,4,3,131,16,4,304,10
Lake Arlington Golf Course,Arlington Golf Association,Arlington,TX,United States,Orange,Female,4496,71,,,66,104,4,305,3,3,110,15,4,279,7,4,229,13,4,273,9,4,299,11,3,125,17,4,246,1,5,322,5,4,270,14,4,236,12,4,254,8,4,235,2,3,169,18,5,337,6,5,407,4,3,131,16,4,269,10
Austin Country Club,Austin Country Club,Austin,TX,United States,Harvey,Male,7062,72,74.7,150,81.6,151,4,385,9,3,194,11,5,578,5,4,317,13,4,462,1,4,434,7,5,565,3,3,150,17,4,368,15,4,394,12,4,460,2,4,435,8,3,178,18,4,368,16,5,585,4,3,201,14,5,498,10,4,490,6
Austin Country Club,Austin Country Club,Austin,TX,United States,Hancock,Male,6800,72,73,147,80.3,148,4,385,9,3,167,11,5,578,5,4,300,13,4,428,1,4,369,7,5,565,3,3,150,17,4,368,15,4,373,12,4,412,2,4,420,8,3,178,18,4,368,16,5,585,4,3,181,14,5,498,10,4,475,6
Austin Country Club,Austin Country Club,Austin,TX,United States,Tee #1,Male,6582,72,72.1,145,78.9,146,4,360,9,3,167,11,5,552,5,4,300,13,4,428,1,4,369,7,5,527,3,3,135,17,4,353,15,4,373,12,4,412,2,4,420,8,3,152,18,4,351,16,5,550,4,3,181,14,5,477,10,4,475,6
Austin Country Club,Austin Country Club,Austin,TX,United States,Riverside,Male,6291,72,70.9,141,77.3,142,4,360,9,3,132,11,5,552,5,4,300,13,4,374,1,4,344,7,5,504,3,3,135,17,4,353,15,4,373,12,4,370,2,4,377,8,3,152,18,4,351,16,5,550,4,3,154,14,5,477,10,4,433,6
Austin Country Club,Austin Country Club,Austin,TX,United States,Tee #2,Male,6047,72,69.9,137,75.9,138,4,344,9,3,132,11,5,530,5,4,265,13,4,374,1,4,344,7,5,504,3,3,104,17,4,326,15,4,349,12,4,370,2,4,377,8,3,137,18,4,344,16,5,534,4,3,154,14,5,426,10,4,433,6
Austin Country Club,Austin Country Club,Austin,TX,United States,Davenport,Male,5523,72,67.6,131,72.8,134,4,344,9,3,106,11,5,454,5,4,265,13,4,333,1,4,344,7,5,398,3,3,104,17,4,326,15,4,349,12,4,300,2,4,324,8,3,137,18,4,274,16,5,534,4,3,154,14,5,426,10,4,351,6
Austin Country Club,Austin Country Club,Austin,TX,United States,Tee #3,Male,5066,72,65.2,128,70.5,129,4,304,9,3,106,11,5,454,5,4,232,13,4,333,1,4,301,7,5,398,3,3,75,17,4,287,15,4,298,12,4,300,2,4,324,8,3,99,18,4,274,16,5,427,4,3,122,14,5,381,10,4,351,6
Austin Country Club,Austin Country Club,Austin,TX,United States,Harvey,Female,7062,72,,,81.6,151,4,385,14,3,194,16,5,578,4,4,317,12,4,462,6,4,434,8,5,565,2,3,150,18,4,368,10,4,394,13,4,460,7,4,435,1,3,178,11,4,368,15,5,585,9,3,201,17,5,498,3,4,490,5
Austin Country Club,Austin Country Club,Austin,TX,United States,Hancock,Female,6821,72,,,80.3,148,4,385,14,3,167,16,5,578,4,4,300,12,4,428,6,4,369,8,5,565,2,3,150,18,4,368,10,4,394,13,4,412,7,4,420,1,3,178,11,4,368,15,5,585,9,3,181,17,5,498,3,4,475,5
Austin Country Club,Austin Country Club,Austin,TX,United States,Tee #1,Female,6582,72,,,78.9,146,4,360,14,3,167,16,5,552,4,4,300,12,4,428,6,4,369,8,5,527,2,3,135,18,4,353,10,4,373,13,4,412,7,4,420,1,3,152,11,4,351,15,5,550,9,3,181,17,5,477,3,4,475,5
Austin Country Club,Austin Country Club,Austin,TX,United States,Riverside,Female,6291,72,,,77.3,142,4,360,14,3,132,16,5,552,4,4,300,12,4,374,6,4,344,8,5,504,2,3,135,18,4,353,10,4,373,13,4,370,7,4,377,1,3,152,11,4,351,15,5,550,9,3,154,17,5,477,3,4,433,5
Austin Country Club,Austin Country Club,Austin,TX,United States,Tee #2,Female,6047,72,,,75.9,138,4,344,14,3,132,16,5,530,4,4,265,12,4,374,6,4,344,8,5,504,2,3,104,18,4,326,10,4,349,13,4,370,7,4,377,1,3,137,11,4,344,15,5,534,9,3,154,17,5,426,3,4,433,5
Austin Country Club,Austin Country Club,Austin,TX,United States,Davenport,Female,5523,72,,,72.8,134,4,344,14,3,106,16,5,454,4,4,265,12,4,333,6,4,344,8,5,398,2,3,104,18,4,326,10,4,349,13,4,300,7,4,324,1,3,137,11,4,274,15,5,534,9,3,154,17,5,426,3,4,351,5
Austin Country Club,Austin Country Club,Austin,TX,United States,Tee #3,Female,5066,72,,,70.5,129,4,304,14,3,106,16,5,454,4,4,232,12,4,333,6,4,301,8,5,398,2,3,75,18,4,287,10,4,298,13,4,300,7,4,324,1,3,99,11,4,274,15,5,427,9,3,122,17,5,381,3,4,351,5
Stephen F Austin Golf Club,Stephen F Austin Golf Club,San Felipe,TX,United States,Blue,Male,5736,69,69.2,122,,,4,348,,3,155,,5,471,,4,445,,3,184,,4,326,,4,369,,3,205,,4,360,,4,311,,4,329,,4,310,,5,553,,3,141,,4,351,,4,365,,3,195,,4,318,
Stephen F Austin Golf Club,Stephen F Austin Golf Club,San Felipe,TX,United States,White,Male,5448,69,68.2,119,,,4,315,,3,153,,5,451,,4,426,,3,167,,4,313,,4,352,,3,165,,4,349,,4,297,,4,313,,4,306,,5,542,,3,116,,4,343,,4,355,,3,181,,4,304,
Stephen F Austin Golf Club,Stephen F Austin Golf Club,San Felipe,TX,United States,Red,Male,5069,68,65.6,113,69.3,119,4,302,,3,155,,5,408,,5,410,,3,149,,4,299,,4,334,,3,160,,4,337,,3,245,,4,299,,4,293,,4,451,,3,92,,4,333,,4,345,,3,167,,4,290,
Stephen F Austin Golf Club,Stephen F Austin Golf Club,San Felipe,TX,United States,Red,Female,5069,70,,,69.3,119,4,302,,3,155,,5,408,,5,410,,3,149,,4,299,,4,334,,3,160,,4,337,,4,245,,4,299,,4,293,,5,451,,3,92,,4,333,,4,345,,3,167,,4,290,
Bay Forest Golf Course,Bay Forest Golf Course,Laporte,TX,United States,Blue,Male,6764,72,73.5,137,,,4,406,6,4,402,8,3,180,16,5,499,10,4,418,4,3,171,18,5,516,2,3,187,14,4,376,12,5,475,15,5,510,9,4,436,7,3,180,11,5,542,5,4,451,3,4,383,13,3,180,17,4,452,1
Bay Forest Golf Course,Bay Forest Golf Course,Laporte,TX,United States,White,Male,6249,72,71,130,,,4,389,6,4,368,8,3,158,16,5,459,10,4,390,4,3,151,18,5,480,2,3,161,14,4,353,12,5,461,15,5,482,9,4,396,7,3,148,11,5,503,5,4,420,3,4,360,13,3,155,17,4,415,1
Bay Forest Golf Course,Bay Forest Golf Course,Laporte,TX,United States,Gold,Male,5661,72,68.7,119,,,4,364,6,4,354,8,3,135,16,5,428,10,4,311,4,3,135,18,5,424,2,3,140,14,4,341,12,5,444,15,5,453,9,4,359,7,3,138,11,5,461,5,4,355,3,4,306,13,3,145,17,4,368,1
Bay Forest Golf Course,Bay Forest Golf Course,Laporte,TX,United States,Red,Male,5132,72,66.1,115,,,4,336,6,4,339,8,3,120,16,5,402,10,4,270,4,3,130,18,5,396,2,3,127,14,4,321,12,5,409,15,5,412,9,4,321,7,3,111,11,5,397,5,4,327,3,4,266,13,3,135,17,4,313,1
Bay Forest Golf Course,Bay Forest Golf Course,Laporte,TX,United States,Women Gold,Female,5661,72,,,73.2,131,4,364,10,4,354,4,3,135,18,5,428,6,4,311,8,3,135,16,5,424,2,3,140,14,4,341,12,5,444,7,5,453,5,4,359,11,3,138,15,5,461,1,4,355,9,4,306,13,3,145,17,4,368,3
Bay Forest Golf Course,Bay Forest Golf Course,Laporte,TX,United States,Women,Female,5132,72,,,70.8,124,4,336,10,4,339,4,3,120,18,5,402,6,4,270,8,3,130,16,5,396,2,3,127,14,4,321,12,5,409,7,5,412,5,4,321,11,3,111,15,5,397,1,4,327,9,4,266,13,3,135,17,4,313,3
Bayou Front/Back,Bayou Din Golf Club,Beaumont,TX,United States,Blue,Male,6222,70,70,114,,,5,473,15,3,167,13,4,378,11,4,440,3,4,371,9,4,448,5,3,176,7,5,500,1,4,415,17,4,400,4,3,150,14,4,322,6,4,454,16,4,420,2,4,374,8,4,287,12,3,149,10,4,298,18
Bayou Front/Back,Bayou Din Golf Club,Beaumont,TX,United States,White,Male,5824,70,68.3,110,,,5,465,15,3,156,13,4,358,11,4,420,3,4,351,9,4,373,5,3,153,7,5,495,1,4,341,17,4,369,4,3,147,14,4,311,6,4,426,16,4,402,2,4,366,8,4,274,12,3,134,10,4,283,18
Bayou Front/Back,Bayou Din Golf Club,Beaumont,TX,United States,Gold,Male,5522,69,66.8,109,71.4,115,5,451,15,3,125,13,4,343,11,4,370,3,4,341,9,4,360,5,3,140,7,4,435,1,4,336,17,4,358,4,3,120,14,4,275,6,4,434,16,4,395,2,4,366,8,4,268,12,3,130,10,4,275,18
Bayou Front/Back,Bayou Din Golf Club,Beaumont,TX,United States,Gold,Female,5523,71,,,71.4,115,5,451,15,3,126,13,4,343,11,4,370,3,4,341,9,4,360,5,3,140,7,5,435,1,4,336,17,4,358,4,3,120,14,4,275,6,5,434,16,4,395,2,4,366,8,4,268,12,3,130,10,4,275,18
Bayou Front/Back,Bayou Din Golf Club,Beaumont,TX,United States,Red,Female,5316,70,,,69.9,112,5,438,15,3,126,13,4,343,11,4,360,3,4,340,9,4,360,5,3,130,7,5,428,1,4,331,17,4,349,4,3,111,14,4,261,6,4,341,16,4,390,2,4,356,8,4,260,12,3,125,10,4,267,18
Bayou Back/Links,Bayou Din Golf Club,Beaumont,TX,United States,Blue,Male,6472,71,71.6,124,,,4,400,,3,150,,4,322,,4,454,,4,420,,4,374,,4,287,,3,149,,4,298,,4,398,,4,415,,3,197,,4,407,,5,517,,5,479,,5,587,,3,191,,4,427,
Bayou Back/Links,Bayou Din Golf Club,Beaumont,TX,United States,White,Male,6104,70,69.8,120,,,4,369,,3,147,,4,311,,4,426,,4,402,,4,366,,4,274,,3,134,,4,283,,4,382,,4,377,,3,173,,4,382,,5,498,,4,448,,5,556,,3,182,,4,394,
Bayou Back/Links,Bayou Din Golf Club,Beaumont,TX,United States,Gold,Male,5759,69,68.3,113,73.3,123,4,358,,3,120,,4,275,,4,434,,4,395,,4,366,,4,268,,3,130,,4,275,,4,382,,4,357,,3,152,,4,367,,4,449,,4,407,,5,517,,3,135,,4,372,
Bayou Back/Links,Bayou Din Golf Club,Beaumont,TX,United States,Gold,Female,5749,72,,,73.3,123,4,358,,3,120,,4,275,,5,434,,4,395,,4,366,,4,268,,3,130,,4,275,,4,382,,4,357,,3,152,,4,367,,5,449,,5,407,,5,517,,3,125,,4,372,
Bayou Back/Links,Bayou Din Golf Club,Beaumont,TX,United States,Red,Female,5243,70,,,70.1,117,4,349,,3,111,,4,261,,4,341,,4,390,,4,356,,4,260,,3,125,,4,267,,4,352,,4,301,,3,119,,4,329,,5,413,,4,359,,5,467,,3,104,,4,339,
Links/Bayou Front,Bayou Din Golf Club,Beaumont,TX,United States,Blue,Male,6986,73,73.6,126,,,4,398,,4,415,,3,197,,4,407,,5,517,,5,479,,5,587,,3,191,,4,427,,5,473,,3,167,,4,378,,4,440,,4,371,,4,448,,3,176,,5,500,,4,415,
Links/Bayou Front,Bayou Din Golf Club,Beaumont,TX,United States,White,Male,6504,72,71.3,121,,,4,382,,4,377,,3,173,,4,382,,5,498,,4,448,,5,556,,3,182,,4,394,,5,465,,3,156,,4,358,,4,420,,4,351,,4,373,,3,153,,5,495,,4,341,
Links/Bayou Front,Bayou Din Golf Club,Beaumont,TX,United States,Gold,Male,6039,70,69.1,115,74.3,127,4,382,,4,357,,3,152,,4,367,,4,449,,4,407,,5,517,,3,135,,4,372,,5,451,,3,125,,4,343,,4,370,,4,341,,4,360,,3,140,,4,435,,4,336,
Links/Bayou Front,Bayou Din Golf Club,Beaumont,TX,United States,Gold,Female,6030,73,,,74.3,127,4,382,,4,357,,3,152,,4,367,,5,449,,5,407,,5,517,,3,125,,4,372,,5,451,,3,126,,4,343,,4,370,,4,341,,4,360,,3,140,,5,435,,4,336,
Links/Bayou Front,Bayou Din Golf Club,Beaumont,TX,United States,Red,Female,5639,72,,,71.8,122,4,352,,4,301,,3,119,,4,329,,5,413,,4,359,,5,467,,3,104,,4,339,,5,438,,3,126,,4,343,,4,360,,4,340,,4,360,,3,130,,5,428,,4,331,
Briggs Ranch Golf Club,Briggs Ranch Golf Club,San Antonio,TX,United States,Red,Male,7247,72,74.7,135,81.9,147,4,455,5,4,434,11,3,212,15,4,345,13,5,510,3,4,438,9,5,562,1,3,198,17,4,446,7,4,411,10,5,595,2,4,466,6,5,603,4,4,314,16,3,206,14,4,413,12,3,199,18,4,440,8
Briggs Ranch Golf Club,Briggs Ranch Golf Club,San Antonio,TX,United States,Black,Male,6810,72,72.7,131,79.5,142,4,441,5,4,413,11,3,182,15,4,323,13,5,492,3,4,421,9,5,532,1,3,162,17,4,428,7,4,393,10,5,579,2,4,434,6,5,576,4,4,294,16,3,184,14,4,383,12,3,183,18,4,390,8
Briggs Ranch Golf Club,Briggs Ranch Golf Club,San Antonio,TX,United States,Black/White,Male,6517,72,71.3,127,77.8,137,4,418,5,4,389,11,3,170,15,4,323,13,5,492,3,4,378,9,5,494,1,3,162,17,4,428,7,4,393,10,5,554,2,4,387,6,5,576,4,4,294,16,3,154,14,4,383,12,3,183,18,4,339,8
Briggs Ranch Golf Club,Briggs Ranch Golf Club,San Antonio,TX,United States,White,Male,6217,72,70.1,123,75.9,134,4,418,5,4,389,11,3,170,15,4,287,13,5,446,3,4,378,9,5,494,1,3,127,17,4,409,7,4,363,10,5,554,2,4,387,6,5,534,4,4,263,16,3,154,14,4,352,12,3,153,18,4,339,8
Briggs Ranch Golf Club,Briggs Ranch Golf Club,San Antonio,TX,United States,White/Blue,Male,5799,72,68.6,118,73.8,130,4,389,5,4,356,11,3,134,15,4,287,13,5,446,3,4,378,9,5,448,1,3,127,17,4,369,7,4,363,10,5,461,2,4,341,6,5,534,4,4,263,16,3,105,14,4,332,12,3,127,18,4,339,8
Briggs Ranch Golf Club,Briggs Ranch Golf Club,San Antonio,TX,United States,Blue,Male,5462,72,67.2,112,72,127,4,389,5,4,356,11,3,134,15,4,240,13,5,405,3,4,326,9,5,448,1,3,100,17,4,369,7,4,329,10,5,461,2,4,341,6,5,474,4,4,235,16,3,105,14,4,332,12,3,127,18,4,291,8
Briggs Ranch Golf Club,Briggs Ranch Golf Club,San Antonio,TX,United States,Green,Male,4898,72,63.8,107,69,123,4,310,5,4,269,11,3,134,15,4,240,13,5,405,3,4,326,9,5,448,1,3,100,17,4,339,7,4,277,10,5,389,2,4,254,6,5,418,4,4,235,16,3,105,14,4,231,12,3,127,18,4,291,8
Briggs Ranch Golf Club,Briggs Ranch Golf Club,San Antonio,TX,United States,Red,Female,7247,72,,,81.9,147,4,455,5,4,434,11,3,212,15,4,345,13,5,510,3,4,438,9,5,562,1,3,198,17,4,446,7,4,411,10,5,595,2,4,466,6,5,603,4,4,314,16,3,206,14,4,413,12,3,199,18,4,440,8
Briggs Ranch Golf Club,Briggs Ranch Golf Club,San Antonio,TX,United States,Black,Female,6810,72,,,79.5,142,4,441,5,4,413,11,3,182,15,4,323,13,5,492,3,4,421,9,5,532,1,3,162,17,4,428,7,4,393,10,5,579,2,4,434,6,5,576,4,4,294,16,3,184,14,4,383,12,3,183,18,4,390,8
Briggs Ranch Golf Club,Briggs Ranch Golf Club,San Antonio,TX,United States,Black/White,Female,6517,72,,,77.8,137,4,418,5,4,389,11,3,170,15,4,323,13,5,492,3,4,378,9,5,494,1,3,162,17,4,428,7,4,393,10,5,554,2,4,387,6,5,576,4,4,294,16,3,154,14,4,383,12,3,183,18,4,339,8
Briggs Ranch Golf Club,Briggs Ranch Golf Club,San Antonio,TX,United States,White,Female,6177,72,,,75.9,134,4,418,5,4,389,11,3,170,15,4,287,13,5,446,3,4,378,9,5,494,1,3,127,17,4,369,7,4,363,10,5,554,2,4,387,6,5,534,4,4,263,16,3,154,14,4,352,12,3,153,18,4,339,8
Briggs Ranch Golf Club,Briggs Ranch Golf Club,San Antonio,TX,United States,White/Blue,Female,5799,72,,,73.8,130,4,389,5,4,356,11,3,134,15,4,287,13,5,446,3,4,378,9,5,448,1,3,127,17,4,369,7,4,363,10,5,461,2,4,341,6,5,534,4,4,263,16,3,105,14,4,332,12,3,127,18,4,339,8
Briggs Ranch Golf Club,Briggs Ranch Golf Club,San Antonio,TX,United States,Blue,Female,5462,72,,,72,127,4,389,5,4,356,11,3,134,15,4,240,13,5,405,3,4,326,9,5,448,1,3,100,17,4,369,7,4,329,10,5,461,2,4,341,6,5,474,4,4,235,16,3,105,14,4,332,12,3,127,18,4,291,8
Briggs Ranch Golf Club,Briggs Ranch Golf Club,San Antonio,TX,United States,Green,Female,4898,72,,,69,123,4,310,5,4,269,11,3,134,15,4,240,13,5,405,3,4,326,9,5,448,1,3,100,17,4,339,7,4,277,10,5,389,2,4,254,6,5,418,4,4,235,16,3,105,14,4,231,12,3,127,18,4,291,8
Canyon Springs Golf Club,Canyon Springs Golf Club,San Antonio,TX,United States,Black,Male,7077,72,74.1,139,80.6,144,4,357,17,5,520,11,3,174,15,4,456,5,5,555,3,4,375,9,3,186,7,4,480,1,4,390,13,5,535,14,4,404,16,4,496,2,3,156,18,4,429,6,5,564,8,4,388,10,3,212,4,4,400,12
Canyon Springs Golf Club,Canyon Springs Golf Club,San Antonio,TX,United States,Blue,Male,6677,72,72.3,134,78.4,140,4,340,17,5,486,11,3,150,15,4,417,5,5,531,3,4,349,9,3,179,7,4,463,1,4,373,13,5,523,14,4,378,16,4,451,2,3,142,18,4,401,6,5,538,8,4,386,10,3,183,4,4,387,12
Canyon Springs Golf Club,Canyon Springs Golf Club,San Antonio,TX,United States,White,Male,6210,72,70.1,131,75.8,137,4,325,17,5,458,11,3,128,15,4,369,5,5,495,3,4,330,9,3,165,7,4,425,1,4,346,13,5,494,14,4,359,16,4,430,2,3,135,18,4,380,6,5,514,8,4,348,10,3,145,4,4,364,12
Canyon Springs Golf Club,Canyon Springs Golf Club,San Antonio,TX,United States,Gold,Male,5843,72,68.4,121,73.7,131,4,296,17,5,445,11,3,120,15,4,345,5,5,456,3,4,322,9,3,148,7,4,386,1,4,330,13,5,484,14,4,333,16,4,412,2,3,122,18,4,341,6,5,476,8,4,343,10,3,139,4,4,345,12
Canyon Springs Golf Club,Canyon Springs Golf Club,San Antonio,TX,United States,Red,Male,5234,72,65.6,111,70.6,119,4,265,17,5,428,11,3,101,15,4,314,5,5,405,3,4,283,9,3,120,7,4,346,1,4,297,13,5,445,14,4,308,16,4,368,2,3,112,18,4,313,6,5,419,8,4,320,10,3,122,4,4,268,12
Canyon Springs Golf Club,Canyon Springs Golf Club,San Antonio,TX,United States,Black,Female,7077,72,,,80.6,144,4,357,17,5,520,11,3,174,15,4,456,5,5,555,3,4,375,9,3,186,7,4,480,1,4,390,13,5,535,14,4,404,16,4,496,2,3,156,18,4,429,6,5,564,8,4,388,10,3,212,4,4,400,12
Canyon Springs Golf Club,Canyon Springs Golf Club,San Antonio,TX,United States,Blue,Female,6677,72,,,78.4,140,4,340,17,5,486,11,3,150,15,4,417,5,5,531,3,4,349,9,3,179,7,4,463,1,4,373,13,5,523,14,4,378,16,4,451,2,3,142,18,4,401,6,5,538,8,4,386,10,3,183,4,4,387,12
Canyon Springs Golf Club,Canyon Springs Golf Club,San Antonio,TX,United States,White,Female,6210,72,,,75.8,137,4,325,17,5,458,11,3,128,15,4,369,5,5,495,3,4,330,9,3,165,7,4,425,1,4,346,13,5,494,14,4,359,16,4,430,2,3,135,18,4,380,6,5,514,8,4,348,10,3,145,4,4,364,12
Canyon Springs Golf Club,Canyon Springs Golf Club,San Antonio,TX,United States,Gold,Female,5843,72,,,73.7,131,4,296,17,5,445,11,3,120,15,4,345,5,5,456,3,4,322,9,3,148,7,4,386,1,4,330,13,5,484,14,4,333,16,4,412,2,3,122,18,4,341,6,5,476,8,4,343,10,3,139,4,4,345,12
Canyon Springs Golf Club,Canyon Springs Golf Club,San Antonio,TX,United States,Red,Female,5234,72,,,70.6,119,4,265,17,5,428,11,3,101,15,4,314,5,5,405,3,4,283,9,3,120,7,4,346,1,4,297,13,5,445,14,4,308,16,4,368,2,3,112,18,4,313,6,5,419,8,4,320,10,3,122,4,4,268,12
Creeks/Valley,The Club At Comanche Trace,Kerrville,TX,United States,Black,Male,7276,72,75.4,142,83.2,151,4,417,13,4,438,7,3,204,15,5,578,1,3,164,17,4,466,9,4,460,3,5,561,5,4,447,11,4,390,16,4,467,6,3,204,10,5,523,14,4,362,18,4,396,4,5,544,8,3,207,12,4,448,2
Creeks/Valley,The Club At Comanche Trace,Kerrville,TX,United States,Blue,Male,6779,72,73.2,138,80.4,145,4,391,13,4,407,7,3,177,15,5,552,1,3,147,17,4,433,9,4,430,3,5,530,5,4,403,11,4,373,16,4,428,6,3,191,10,5,497,14,4,335,18,4,376,4,5,518,8,3,176,12,4,415,2
Creeks/Valley,The Club At Comanche Trace,Kerrville,TX,United States,Senior Morrish,Male,6596,72,73.4,135,,,4,388,13,4,373,7,3,177,15,5,529,1,3,147,17,4,400,9,4,395,3,5,530,5,4,403,11,4,373,16,4,410,6,3,191,10,5,490,14,4,335,18,4,376,4,5,500,8,3,176,12,4,403,2
Creeks/Valley,The Club At Comanche Trace,Kerrville,TX,United States,White,Male,6348,72,71.6,133,78,140,4,361,13,4,373,7,3,154,15,5,529,1,3,141,17,4,398,9,4,395,3,5,497,5,4,372,11,4,359,16,4,417,6,3,180,10,5,463,14,4,312,18,4,346,4,5,476,8,3,172,12,4,403,2
Creeks/Valley,The Club At Comanche Trace,Kerrville,TX,United States,White/Green Moorish Tees,Male,6003,72,69.8,127,,,4,361,13,4,329,7,3,154,15,5,506,1,3,141,17,4,358,9,4,288,3,5,497,5,4,372,11,4,359,16,4,388,6,3,152,10,5,463,14,4,312,18,4,327,4,5,476,8,3,172,12,4,348,2
Creeks/Valley,The Club At Comanche Trace,Kerrville,TX,United States,Green,Male,5784,72,68.8,124,74.9,133,4,355,13,4,329,7,3,148,15,5,506,1,3,121,17,4,358,9,4,288,3,5,469,5,4,349,11,4,342,16,4,388,6,3,152,10,5,439,14,4,267,18,4,327,4,5,445,8,3,153,12,4,348,2
Creeks/Valley,The Club At Comanche Trace,Kerrville,TX,United States,Red,Male,5322,72,66.7,119,72.5,128,4,316,13,4,318,7,3,130,15,5,458,1,3,118,17,4,349,9,4,278,3,5,459,5,4,341,11,4,285,16,4,357,6,3,133,10,5,407,14,4,254,18,4,287,4,5,419,8,3,106,12,4,307,2
Creeks/Valley,The Club At Comanche Trace,Kerrville,TX,United States,Comanche,Male,3841,72,61.1,110,64.2,113,4,225,13,4,228,7,3,130,15,5,300,1,3,52,17,4,235,9,4,206,3,5,315,5,4,250,11,4,190,16,4,236,6,3,133,10,5,300,14,4,210,18,4,215,4,5,285,8,3,106,12,4,225,2
Creeks/Valley,The Club At Comanche Trace,Kerrville,TX,United States,Black,Female,7276,72,,,83.2,151,4,417,13,4,438,7,3,204,15,5,578,1,3,164,17,4,466,9,4,460,3,5,561,5,4,447,11,4,390,16,4,467,6,3,204,10,5,523,14,4,362,18,4,396,4,5,544,8,3,207,12,4,448,2
Creeks/Valley,The Club At Comanche Trace,Kerrville,TX,United States,Blue,Female,6779,72,,,80.4,145,4,391,13,4,407,7,3,177,15,5,552,1,3,147,17,4,433,9,4,430,3,5,530,5,4,403,11,4,373,16,4,428,6,3,191,10,5,497,14,4,335,18,4,376,4,5,518,8,3,176,12,4,415,2
Creeks/Valley,The Club At Comanche Trace,Kerrville,TX,United States,White,Female,6348,72,,,78,140,4,361,13,4,373,7,3,154,15,5,529,1,3,141,17,4,398,9,4,395,3,5,497,5,4,372,11,4,359,16,4,417,6,3,180,10,5,463,14,4,312,18,4,346,4,5,476,8,3,172,12,4,403,2
Creeks/Valley,The Club At Comanche Trace,Kerrville,TX,United States,White/Green Moorish,Female,6003,72,,,76.1,135,4,361,13,4,329,7,3,154,15,5,506,1,3,141,17,4,358,9,4,288,3,5,497,5,4,372,11,4,359,16,4,388,6,3,152,10,5,463,14,4,312,18,4,327,4,5,476,8,3,172,12,4,348,2
Creeks/Valley,The Club At Comanche Trace,Kerrville,TX,United States,Green,Female,5784,72,,,74.9,133,4,355,13,4,329,7,3,148,15,5,506,1,3,121,17,4,358,9,4,288,3,5,469,5,4,349,11,4,342,16,4,388,6,3,152,10,5,439,14,4,267,18,4,327,4,5,445,8,3,153,12,4,348,2
Creeks/Valley,The Club At Comanche Trace,Kerrville,TX,United States,Red,Female,5322,72,,,72.5,128,4,316,13,4,318,7,3,130,15,5,458,1,3,118,17,4,349,9,4,278,3,5,459,5,4,341,11,4,285,16,4,357,6,3,133,10,5,407,14,4,254,18,4,287,4,5,419,8,3,106,12,4,307,2
Creeks/Valley,The Club At Comanche Trace,Kerrville,TX,United States,Comanche,Female,3841,72,,,64.2,113,4,225,13,4,228,7,3,130,15,5,300,1,3,52,17,4,235,9,4,206,3,5,315,5,4,250,11,4,190,16,4,236,6,3,133,10,5,300,14,4,210,18,4,215,4,5,285,8,3,106,12,4,225,2
Valley/Hills,The Club At Comanche Trace,Kerrville,TX,United States,Black,Male,7059,72,74.4,138,81.6,148,4,390,15,4,467,5,3,204,9,5,523,13,4,362,17,4,396,3,5,544,7,3,207,11,4,448,1,4,433,6,4,437,8,3,167,18,5,533,10,4,461,2,4,318,14,4,460,4,3,184,16,5,525,12
Valley/Hills,The Club At Comanche Trace,Kerrville,TX,United States,Blue,Male,6580,72,72.3,134,78.9,142,4,373,15,4,428,5,3,191,9,5,497,13,4,335,17,4,376,3,5,518,7,3,176,11,4,415,1,4,411,6,4,409,8,3,148,18,5,502,10,4,430,2,4,305,14,4,417,4,3,159,16,5,490,12
Valley/Hills,The Club At Comanche Trace,Kerrville,TX,United States,White,Male,6219,72,70.8,129,76.9,138,4,359,15,4,417,5,3,180,9,5,463,13,4,312,17,4,346,3,5,476,7,3,172,11,4,403,1,4,383,6,4,370,8,3,132,18,5,482,10,4,421,2,4,305,14,4,400,4,3,144,16,5,454,12
Valley/Hills,The Club At Comanche Trace,Kerrville,TX,United States,White/Green Moorish Tees,Male,6031,72,69.9,127,,,4,359,15,4,388,5,3,152,9,5,463,13,4,312,17,4,327,3,5,476,7,3,172,11,4,348,1,4,360,6,4,370,8,3,132,18,5,482,10,4,408,2,4,305,14,4,379,4,3,144,16,5,454,12
Valley/Hills,The Club At Comanche Trace,Kerrville,TX,United States,Green,Male,5710,72,68.6,120,74.1,132,4,342,15,4,388,5,3,152,9,5,439,13,4,267,17,4,327,3,5,445,7,3,153,11,4,348,1,4,360,6,4,310,8,3,115,18,5,465,10,4,408,2,4,260,14,4,379,4,3,125,16,5,427,12
Valley/Hills,The Club At Comanche Trace,Kerrville,TX,United States,Red,Male,5131,72,65.9,112,71.1,126,4,285,15,4,357,5,3,133,9,5,407,13,4,254,17,4,287,3,5,419,7,3,106,11,4,307,1,4,327,6,4,280,8,3,90,18,5,424,10,4,365,2,4,255,14,4,327,4,3,106,16,5,402,12
Valley/Hills,The Club At Comanche Trace,Kerrville,TX,United States,Comanche,Male,3808,72,61.2,104,63.8,111,4,190,15,4,236,5,3,133,9,5,300,13,4,210,17,4,215,3,5,285,7,3,106,11,4,225,1,4,225,6,4,215,8,3,90,18,5,315,10,4,237,2,4,190,14,4,250,4,3,106,16,5,280,12
Valley/Hills,The Club At Comanche Trace,Kerrville,TX,United States,Black,Female,7059,72,,,81.6,148,4,390,15,4,467,5,3,204,9,5,523,13,4,362,17,4,396,3,5,544,7,3,207,11,4,448,1,4,433,6,4,437,8,3,167,18,5,533,10,4,461,2,4,318,14,4,460,4,3,184,16,5,525,12
Valley/Hills,The Club At Comanche Trace,Kerrville,TX,United States,Blue,Female,6580,72,,,78.9,142,4,373,15,4,428,5,3,191,9,5,497,13,4,335,17,4,376,3,5,518,7,3,176,11,4,415,1,4,411,6,4,409,8,3,148,18,5,502,10,4,430,2,4,305,14,4,417,4,3,159,16,5,490,12
Valley/Hills,The Club At Comanche Trace,Kerrville,TX,United States,White,Female,6219,72,,,76.9,138,4,359,15,4,417,5,3,180,9,5,463,13,4,312,17,4,346,3,5,476,7,3,172,11,4,403,1,4,383,6,4,370,8,3,132,18,5,482,10,4,421,2,4,305,14,4,400,4,3,144,16,5,454,12
Valley/Hills,The Club At Comanche Trace,Kerrville,TX,United States,White/Green Morrish Tees,Female,6052,72,,,76,135,4,359,15,4,388,5,3,152,9,5,463,13,4,312,17,4,327,3,5,476,7,3,172,11,4,348,1,4,360,6,4,370,8,3,132,18,5,482,10,4,408,2,4,305,14,4,400,4,3,144,16,5,454,12
Valley/Hills,The Club At Comanche Trace,Kerrville,TX,United States,Green,Female,5710,72,,,74.1,132,4,342,15,4,388,5,3,152,9,5,439,13,4,267,17,4,327,3,5,445,7,3,153,11,4,348,1,4,360,6,4,310,8,3,115,18,5,465,10,4,408,2,4,260,14,4,379,4,3,125,16,5,427,12
Valley/Hills,The Club At Comanche Trace,Kerrville,TX,United States,Lady Kite/Morrish,Female,5359,72,,,73,132,4,342,15,4,357,5,3,133,9,5,439,13,4,267,17,4,287,3,5,419,7,3,106,11,4,307,1,4,360,6,4,280,8,3,115,18,5,424,10,4,365,2,4,304,14,4,327,4,3,125,16,5,402,12
Valley/Hills,The Club At Comanche Trace,Kerrville,TX,United States,Red,Female,5131,72,,,71.1,126,4,285,15,4,357,5,3,133,9,5,407,13,4,254,17,4,287,3,5,419,7,3,106,11,4,307,1,4,327,6,4,280,8,3,90,18,5,424,10,4,365,2,4,255,14,4,327,4,3,106,16,5,402,12
Valley/Hills,The Club At Comanche Trace,Kerrville,TX,United States,Comanche,Female,3808,72,,,63.8,111,4,190,15,4,236,5,3,133,9,5,300,13,4,210,17,4,215,3,5,285,7,3,106,11,4,225,1,4,225,6,4,215,8,3,90,18,5,315,10,4,237,2,4,190,14,4,250,4,3,106,16,5,280,12
Hills/Creeks,The Club At Comanche Trace,Kerrville,TX,United States,Black,Male,7253,72,75.2,140,83,151,4,433,5,4,437,7,3,167,17,5,533,9,4,461,1,4,318,13,4,460,3,3,184,15,5,525,11,4,417,14,4,438,8,3,204,16,5,578,2,3,164,18,4,466,10,4,460,4,5,561,6,4,447,12
Hills/Creeks,The Club At Comanche Trace,Kerrville,TX,United States,Blue,Male,6741,72,72.9,136,80.1,145,4,411,5,4,409,7,3,148,17,5,502,9,4,430,1,4,305,13,4,417,3,3,159,15,5,490,11,4,391,14,4,407,8,3,177,16,5,552,2,3,147,18,4,433,10,4,430,4,5,530,6,4,403,12
Hills/Creeks,The Club At Comanche Trace,Kerrville,TX,United States,Senior Morrish,Male,6520,72,72.8,132,,,4,405,5,4,400,7,3,145,17,5,487,9,4,433,1,4,303,13,4,389,3,3,166,15,5,450,11,4,388,14,4,373,8,3,177,16,5,529,2,3,147,18,4,400,10,4,395,4,5,530,6,4,403,12
Hills/Creeks,The Club At Comanche Trace,Kerrville,TX,United States,White,Male,6311,72,71.4,132,77.7,140,4,383,5,4,370,7,3,132,17,5,482,9,4,421,1,4,305,13,4,400,3,3,144,15,5,454,11,4,361,14,4,373,8,3,154,16,5,529,2,3,141,18,4,398,10,4,395,4,5,497,6,4,372,12
Hills/Creeks,The Club At Comanche Trace,Kerrville,TX,United States,White/Green Moorish Tees,Male,6035,72,70.1,127,76.3,137,4,355,5,4,373,7,3,154,17,5,529,9,3,121,1,4,398,13,4,288,3,5,497,15,4,372,11,4,383,14,4,310,8,3,132,16,5,465,2,4,421,18,4,260,10,4,379,4,3,144,6,5,454,12
Hills/Creeks,The Club At Comanche Trace,Kerrville,TX,United States,Green,Male,5772,72,69,122,74.8,134,4,360,5,4,310,7,3,115,17,5,465,9,4,408,1,4,260,13,4,379,3,3,125,15,5,427,11,4,355,14,4,329,8,3,148,16,5,506,2,3,121,18,4,358,10,4,288,4,5,469,6,4,349,12
Hills/Creeks,The Club At Comanche Trace,Kerrville,TX,United States,Red,Male,5343,72,67,116,72.8,130,4,327,5,4,280,7,3,90,17,5,424,9,4,365,1,4,255,13,4,327,3,3,106,15,5,402,11,4,316,14,4,318,8,3,130,16,5,458,2,3,118,18,4,349,10,4,278,4,5,459,6,4,341,12
Hills/Creeks,The Club At Comanche Trace,Kerrville,TX,United States,Comanche,Male,3849,72,61.5,106,64.5,114,4,225,5,4,215,7,3,90,17,5,315,9,4,237,1,4,190,13,4,250,3,3,106,15,5,280,11,4,225,14,4,228,8,3,130,16,5,300,2,3,52,18,4,235,10,4,206,4,5,315,6,4,250,12
Hills/Creeks,The Club At Comanche Trace,Kerrville,TX,United States,Black,Female,7253,72,,,83,151,4,433,5,4,437,7,3,167,17,5,533,9,4,461,1,4,318,13,4,460,3,3,184,15,5,525,11,4,417,14,4,438,8,3,204,16,5,578,2,3,164,18,4,466,10,4,460,4,5,561,6,4,447,12
Hills/Creeks,The Club At Comanche Trace,Kerrville,TX,United States,Blue,Female,6741,72,,,80.1,145,4,411,5,4,409,7,3,148,17,5,502,9,4,430,1,4,305,13,4,417,3,3,159,15,5,490,11,4,391,14,4,407,8,3,177,16,5,552,2,3,147,18,4,433,10,4,430,4,5,530,6,4,403,12
Hills/Creeks,The Club At Comanche Trace,Kerrville,TX,United States,White,Female,6311,72,,,77.7,140,4,383,5,4,370,7,3,132,17,5,482,9,4,421,1,4,305,13,4,400,3,3,144,15,5,454,11,4,361,14,4,373,8,3,154,16,5,529,2,3,141,18,4,398,10,4,395,4,5,497,6,4,372,12
Hills/Creeks,The Club At Comanche Trace,Kerrville,TX,United States,White/Green Moorish Tees,Female,6040,72,,,76.3,137,4,360,5,4,370,7,3,132,17,5,482,9,4,408,1,4,305,13,4,379,3,3,144,15,5,454,11,4,361,14,4,329,8,3,154,16,5,506,2,3,141,18,4,358,10,4,288,4,5,497,6,4,372,12
Hills/Creeks,The Club At Comanche Trace,Kerrville,TX,United States,Green,Female,5772,72,,,74.8,134,4,360,5,4,310,7,3,115,17,5,465,9,4,408,1,4,260,13,4,379,3,3,125,15,5,427,11,4,355,14,4,329,8,3,148,16,5,506,2,3,121,18,4,358,10,4,288,4,5,469,6,4,349,12
Hills/Creeks,The Club At Comanche Trace,Kerrville,TX,United States,Red,Female,5343,72,,,72.8,130,4,327,5,4,280,7,3,90,17,5,424,9,4,365,1,4,255,13,4,327,3,3,106,15,5,402,11,4,316,14,4,318,8,3,130,16,5,458,2,3,118,18,4,349,10,4,278,4,5,459,6,4,341,12
Hills/Creeks,The Club At Comanche Trace,Kerrville,TX,United States,Comanche,Female,3849,72,,,64.5,114,4,225,5,4,215,7,3,90,17,5,315,9,4,237,1,4,190,13,4,250,3,3,106,15,5,280,11,4,225,14,4,228,8,3,130,16,5,300,2,3,52,18,4,235,10,4,206,4,5,315,6,4,250,12
Club At Falcon Point,Club At Falcon Point,Katy,TX,United States,Black,Male,6771,72,73.8,136,,,4,389,9,3,148,17,4,422,5,4,429,1,5,475,3,4,385,13,3,222,15,4,404,11,5,501,7,4,382,12,4,373,14,5,518,6,3,151,18,4,424,2,4,441,4,5,495,10,3,163,16,4,449,8
Club At Falcon Point,Club At Falcon Point,Katy,TX,United States,Gold,Male,6467,72,71.9,134,,,4,374,9,3,137,17,4,405,5,4,414,1,5,450,3,4,365,13,3,194,15,4,384,11,5,486,7,4,374,12,4,350,14,5,500,6,3,140,18,4,411,2,4,420,4,5,479,10,3,147,16,4,437,8
Club At Falcon Point,Club At Falcon Point,Katy,TX,United States,Blue,Male,6145,72,71,132,76.5,145,4,358,9,3,120,17,4,393,5,4,398,1,5,419,3,4,352,13,3,165,15,4,370,11,5,478,7,4,362,12,4,337,14,5,461,6,3,129,18,4,401,2,4,390,4,5,472,10,3,129,16,4,411,8
Club At Falcon Point,Club At Falcon Point,Katy,TX,United States,White,Male,5675,72,68.9,130,73.9,140,4,338,9,3,120,17,4,309,5,4,314,1,5,419,3,4,317,13,3,165,15,4,325,11,5,478,7,4,347,12,4,320,14,5,451,6,3,125,18,4,318,2,4,355,4,5,463,10,3,125,16,4,386,8
Club At Falcon Point,Club At Falcon Point,Katy,TX,United States,Red,Male,5008,72,65.9,124,69.7,128,4,251,9,3,100,17,4,309,5,4,314,1,5,371,3,4,239,13,3,136,15,4,285,11,5,433,7,4,288,12,4,288,14,5,411,6,3,110,18,4,318,2,4,335,4,5,391,10,3,110,16,4,319,8
Club At Falcon Point,Club At Falcon Point,Katy,TX,United States,Orange,Male,3376,72,60.5,106,60.8,110,4,157,9,3,50,17,4,209,5,4,228,1,5,293,3,4,133,13,3,60,15,4,186,11,5,323,7,4,170,12,4,169,14,5,288,6,3,71,18,4,185,2,4,235,4,5,321,10,3,68,16,4,230,8
Club At Falcon Point,Club At Falcon Point,Katy,TX,United States,Blue,Female,6145,73,,,76.5,145,4,358,11,3,120,17,4,393,9,4,398,5,5,419,1,4,352,13,3,165,15,4,370,7,5,478,3,4,362,10,4,337,14,5,461,2,3,129,18,5,401,6,4,390,12,5,472,4,3,129,16,4,411,8
Club At Falcon Point,Club At Falcon Point,Katy,TX,United States,White,Female,5679,72,,,73.9,140,4,338,11,3,120,17,4,309,9,4,314,5,5,419,1,4,317,13,3,165,15,4,325,7,5,478,3,4,347,10,4,320,14,5,451,2,3,125,18,4,318,6,4,355,12,5,463,4,3,129,16,4,386,8
Club At Falcon Point,Club At Falcon Point,Katy,TX,United States,Red,Female,5008,72,,,69.7,128,4,251,11,3,100,17,4,309,9,4,314,5,5,371,1,4,239,13,3,136,15,4,285,7,5,433,3,4,288,10,4,288,14,5,411,2,3,110,18,4,318,6,4,335,12,5,391,4,3,110,16,4,319,8
Club At Falcon Point,Club At Falcon Point,Katy,TX,United States,Orange,Female,3376,72,,,60.8,110,4,157,11,3,50,17,4,209,9,4,228,5,5,293,1,4,133,13,3,60,15,4,186,7,5,323,3,4,170,10,4,169,14,5,288,2,3,71,18,4,185,6,4,235,12,5,321,4,3,68,16,4,230,8
South,The Club At Sonterra,San Antonio,TX,United States,Black,Male,6721,71,72.8,128,,,5,532,11,4,428,5,4,318,15,4,381,1,4,387,7,3,153,17,4,456,3,5,559,13,3,202,9,4,400,10,4,451,4,4,423,8,4,399,12,4,383,2,3,138,18,4,396,14,5,516,16,3,199,6
South,The Club At Sonterra,San Antonio,TX,United States,Blue +,Male,6491,71,71.6,127,,,5,532,11,4,428,5,4,318,15,4,380,1,4,380,7,3,153,17,4,379,3,5,493,13,3,190,9,4,400,10,4,451,4,4,423,8,4,392,12,4,375,2,3,138,18,4,358,14,5,516,16,3,185,6
South,The Club At Sonterra,San Antonio,TX,United States,Blue,Male,6331,71,70.8,126,,,5,520,11,4,398,5,4,315,15,4,380,1,4,380,7,3,140,17,4,379,3,5,493,13,3,190,9,4,385,10,4,445,4,4,379,8,4,392,12,4,375,2,3,132,18,4,358,14,5,485,16,3,185,6
South,The Club At Sonterra,San Antonio,TX,United States,White +,Male,6109,71,69.9,125,,,5,520,11,4,391,5,4,288,15,4,380,1,4,358,7,3,140,17,4,360,3,5,475,13,3,179,9,4,355,10,4,445,4,4,379,8,4,362,12,4,375,2,3,132,18,4,350,14,5,475,16,3,145,6
South,The Club At Sonterra,San Antonio,TX,United States,White,Male,5955,71,68.9,123,74.9,132,5,506,11,4,391,5,4,288,15,4,325,1,4,358,7,3,129,17,4,360,3,5,475,13,3,179,9,4,355,10,4,430,4,4,365,8,4,362,12,4,330,2,3,132,18,4,350,14,5,475,16,3,145,6
South,The Club At Sonterra,San Antonio,TX,United States,Green +,Male,5669,71,67.7,120,,,5,506,11,4,371,5,4,268,15,4,325,1,4,330,7,3,114,17,4,330,3,5,475,13,3,169,9,4,355,10,4,326,4,4,348,8,4,335,12,4,330,2,3,132,18,4,344,14,5,475,16,3,136,6
South,The Club At Sonterra,San Antonio,TX,United States,Green,Male,5400,71,66.4,117,,,5,403,11,4,371,5,4,268,15,4,305,1,4,330,7,3,114,17,4,330,3,5,418,13,3,169,9,4,337,10,4,326,4,4,348,8,4,335,12,4,317,2,3,114,18,4,344,14,5,435,16,3,136,6
South,The Club At Sonterra,San Antonio,TX,United States,White,Female,5946,71,,,74.9,132,5,506,11,4,391,3,4,288,15,4,325,7,4,358,1,3,129,17,4,360,5,5,475,13,3,179,9,4,355,8,4,430,12,4,365,2,4,362,6,4,330,10,3,123,18,4,350,4,5,475,14,3,145,16
South,The Club At Sonterra,San Antonio,TX,United States,Red +,Female,5660,71,,,73.2,129,5,506,11,4,371,3,4,268,15,4,325,7,4,330,1,3,114,17,4,330,5,5,475,13,3,169,9,4,355,8,4,326,12,4,348,2,4,335,6,4,330,10,3,123,18,4,344,4,5,475,14,3,136,16
South,The Club At Sonterra,San Antonio,TX,United States,Red,Female,5400,71,,,71.8,125,5,403,11,4,371,3,4,268,15,4,305,7,4,330,1,3,114,17,4,330,5,5,418,13,3,169,9,4,337,8,4,326,12,4,348,2,4,335,6,4,317,10,3,114,18,4,344,4,5,435,14,3,136,16
North,The Club At Sonterra,San Antonio,TX,United States,Black,Male,7070,72,74.5,138,,,5,571,9,4,467,3,3,169,15,4,410,1,5,532,13,3,165,17,4,433,11,4,422,7,4,426,5,3,173,16,4,414,6,4,391,10,5,513,18,3,192,14,5,577,2,4,372,12,4,427,8,4,416,4
North,The Club At Sonterra,San Antonio,TX,United States,Blue +,Male,6775,72,73.2,135,,,5,543,9,4,450,3,3,169,15,4,410,1,5,532,13,3,165,17,4,389,11,4,390,7,4,404,5,3,173,16,4,396,6,4,360,10,5,513,18,3,179,14,5,553,2,4,372,12,4,389,8,4,388,4
North,The Club At Sonterra,San Antonio,TX,United States,Blue,Male,6601,72,72.4,134,,,5,543,9,4,450,3,3,152,15,4,377,1,5,498,13,3,132,17,4,389,11,4,390,7,4,404,5,3,148,16,4,396,6,4,360,10,5,496,18,3,179,14,5,553,2,4,357,12,4,389,8,4,388,4
North,The Club At Sonterra,San Antonio,TX,United States,White +,Male,6282,72,70.9,133,,,5,517,9,4,400,3,3,152,15,4,377,1,5,498,13,3,132,17,4,350,11,4,363,7,4,383,5,3,148,16,4,371,6,4,360,10,5,485,18,3,141,14,5,525,2,4,357,12,4,345,8,4,378,4
North,The Club At Sonterra,San Antonio,TX,United States,White,Male,6156,72,70.3,132,76,135,5,517,9,4,400,3,3,140,15,4,343,1,5,481,13,3,120,17,4,350,11,4,363,7,4,383,5,3,120,16,4,371,6,4,360,10,5,485,18,3,141,14,5,525,2,4,334,12,4,345,8,4,378,4
North,The Club At Sonterra,San Antonio,TX,United States,Green +,Male,5610,72,67.8,122,72.9,129,5,478,9,4,328,3,3,140,15,4,343,1,5,481,13,3,120,17,4,324,11,4,261,7,4,295,5,3,120,16,4,330,6,4,360,10,5,485,18,3,141,14,5,453,2,4,334,12,4,319,8,4,298,4
North,The Club At Sonterra,San Antonio,TX,United States,Green,Male,5435,72,67.2,119,72,127,5,478,9,4,328,3,3,120,15,4,315,1,5,445,13,3,120,17,4,324,11,4,261,7,4,325,5,3,112,16,4,330,6,4,306,10,5,479,18,3,123,14,5,453,2,4,272,12,4,319,8,4,325,4
North,The Club At Sonterra,San Antonio,TX,United States,Red,Male,4897,72,64.7,114,68.9,121,5,387,9,4,328,3,3,107,15,4,315,1,5,388,13,3,82,17,4,290,11,4,261,7,4,295,5,3,94,16,4,290,6,4,306,10,5,397,18,3,105,14,5,453,2,4,243,12,4,258,8,4,298,4
North,The Club At Sonterra,San Antonio,TX,United States,White,Female,6156,72,,,76,135,5,517,9,4,400,3,3,140,15,4,343,1,5,481,13,3,120,17,4,350,7,4,363,11,4,383,5,3,120,16,4,371,8,4,360,6,5,485,12,3,141,18,5,525,2,4,334,10,4,345,14,4,378,4
North,The Club At Sonterra,San Antonio,TX,United States,Green +,Female,5610,72,,,72.9,129,5,478,9,4,328,3,3,140,15,4,343,1,5,481,13,3,120,17,4,324,7,4,261,11,4,295,5,3,120,16,4,330,8,4,360,6,5,485,12,3,141,18,5,453,2,4,334,10,4,319,14,4,298,4
North,The Club At Sonterra,San Antonio,TX,United States,Green,Female,5435,72,,,72,127,5,478,9,4,328,3,3,120,15,4,315,1,5,445,13,3,120,17,4,324,7,4,261,11,4,325,5,3,112,16,4,330,8,4,306,6,5,479,12,3,123,18,5,453,2,4,272,10,4,319,14,4,325,4
North,The Club At Sonterra,San Antonio,TX,United States,Red,Female,4897,72,,,68.9,121,5,387,9,4,328,3,3,107,15,4,315,1,5,388,13,3,82,17,4,290,7,4,261,11,4,295,5,3,94,16,4,290,8,4,306,6,5,397,12,3,105,18,5,453,2,4,243,10,4,258,14,4,298,4
Corpus Christi Country Club,Corpus Christi Country Club,Corpus Christi,TX,United States,Temporary Gold,Male,6638,72,73.2,132,,,4,435,3,5,447,17,3,195,9,4,387,1,4,411,7,5,478,15,4,324,11,3,198,13,4,444,5,4,435,4,5,447,18,3,195,10,4,387,2,4,411,8,5,478,16,4,324,12,3,198,14,4,444,6
Corpus Christi Country Club,Corpus Christi Country Club,Corpus Christi,TX,United States,Temporary Blue/Gold,Male,6371,72,71.9,130,,,4,411,3,5,421,17,3,173,9,4,367,1,4,394,7,5,447,15,4,311,11,3,158,13,4,370,5,4,435,4,5,447,18,3,195,10,4,387,2,4,411,8,5,478,16,4,324,12,3,198,14,4,444,6
Corpus Christi Country Club,Corpus Christi Country Club,Corpus Christi,TX,United States,Temporary Blue,Male,6104,72,70.6,128,,,4,411,3,5,421,17,3,173,9,4,367,1,4,394,7,5,447,15,4,311,11,3,158,13,4,370,5,4,411,4,5,421,18,3,173,10,4,367,2,4,394,8,5,447,16,4,311,12,3,158,14,4,370,6
Corpus Christi Country Club,Corpus Christi Country Club,Corpus Christi,TX,United States,Temporary White/Blue,Male,5904,72,69.7,127,,,4,387,3,5,405,17,3,136,9,4,346,1,4,365,7,5,431,15,4,299,11,3,137,13,4,346,5,4,411,4,5,421,18,3,173,10,4,367,2,4,394,8,5,447,16,4,311,12,3,158,14,4,370,6
Corpus Christi Country Club,Corpus Christi Country Club,Corpus Christi,TX,United States,Temporary White,Male,5704,72,68.8,125,73.8,137,4,387,3,5,405,17,3,136,9,4,346,1,4,365,7,5,431,15,4,299,11,3,137,13,4,346,5,4,387,4,5,405,18,3,136,10,4,346,2,4,365,8,5,431,16,4,299,12,3,137,14,4,346,6
Corpus Christi Country Club,Corpus Christi Country Club,Corpus Christi,TX,United States,Temporary Red,Male,5310,72,66,119,71.4,131,4,348,3,5,400,17,3,124,9,4,324,1,4,319,7,5,413,15,4,288,11,3,119,13,4,320,5,4,348,4,5,400,18,3,124,10,4,324,2,4,319,8,5,413,16,4,288,12,3,119,14,4,320,6
Corpus Christi Country Club,Corpus Christi Country Club,Corpus Christi,TX,United States,Temporary White,Female,5704,72,,,73.8,137,4,387,3,5,405,11,3,136,15,4,346,1,4,365,7,5,431,13,4,299,9,3,137,17,4,346,5,4,387,4,5,405,12,3,136,16,4,346,2,4,365,8,5,431,14,4,299,10,3,137,18,4,346,6
Corpus Christi Country Club,Corpus Christi Country Club,Corpus Christi,TX,United States,Temporary Red,Female,5310,72,,,71.4,131,4,348,3,5,400,11,3,124,15,4,324,1,4,319,7,5,413,13,4,288,9,3,119,17,4,320,5,4,348,4,5,400,12,3,124,16,4,324,2,4,319,8,5,413,14,4,288,10,3,119,18,4,320,6
Crystal Falls Golf Club,Crystal Falls Golf Club,Leander,TX,United States,Blue,Male,6654,72,73.7,135,,,5,502,9,3,164,17,4,389,13,4,410,11,4,435,7,4,432,3,5,510,5,3,161,15,4,430,1,4,346,10,3,192,16,5,506,8,4,346,12,4,384,4,3,160,18,4,357,14,4,381,6,5,549,2
Crystal Falls Golf Club,Crystal Falls Golf Club,Leander,TX,United States,White,Male,6355,72,71.8,130,76.2,134,5,479,9,3,120,17,4,362,13,4,390,11,4,375,7,4,399,3,5,491,5,3,135,15,4,407,1,4,322,10,3,192,16,5,506,8,4,346,12,4,384,4,3,160,18,4,357,14,4,381,6,5,549,2
Crystal Falls Golf Club,Crystal Falls Golf Club,Leander,TX,United States,Red,Male,5194,72,66.6,122,70.7,123,5,403,9,3,88,17,4,288,13,4,303,11,4,319,7,4,335,3,5,432,5,3,106,15,4,340,1,4,290,10,3,138,16,5,405,8,4,272,12,4,306,4,3,130,18,4,295,14,4,290,6,5,454,2
Crystal Falls Golf Club,Crystal Falls Golf Club,Leander,TX,United States,White,Female,6164,72,,,76.2,134,5,479,9,3,120,17,4,362,13,4,390,11,4,375,7,4,399,3,5,491,5,3,135,15,4,407,1,4,322,10,3,168,16,5,472,8,4,334,12,4,335,4,3,148,18,4,340,14,4,352,6,5,535,2
Crystal Falls Golf Club,Crystal Falls Golf Club,Leander,TX,United States,Red,Female,5194,72,,,70.7,123,5,403,9,3,88,17,4,288,13,4,303,11,4,319,7,4,335,3,5,432,5,3,106,15,4,340,1,4,290,10,3,138,16,5,405,8,4,272,12,4,306,4,3,130,18,4,295,14,4,290,6,5,454,2
Dominion Country Club,Dominion Country Club,San Antonio,TX,United States,Gold,Male,6937,72,73.7,139,80.3,145,4,409,9,4,395,7,4,379,11,4,416,1,3,214,15,4,414,3,5,528,5,3,190,17,5,499,13,4,434,10,5,512,8,4,405,4,4,371,14,4,423,12,3,185,16,4,471,2,3,155,18,5,537,6
Dominion Country Club,Dominion Country Club,San Antonio,TX,United States,Blue,Male,6546,72,71.8,134,78.2,141,4,383,9,4,359,7,4,355,11,4,400,1,3,197,15,4,392,3,5,511,5,3,171,17,5,484,13,4,396,10,5,488,8,4,380,4,4,355,14,4,397,12,3,168,16,4,442,2,3,144,18,5,524,6
Dominion Country Club,Dominion Country Club,San Antonio,TX,United States,Dominion Tees,Male,6380,72,70.9,132,77.3,138,4,354,9,4,359,7,4,355,11,4,385,1,3,188,15,4,392,3,5,511,5,3,158,17,5,484,13,4,377,10,5,488,8,4,378,4,4,355,14,4,388,12,3,168,16,4,397,2,3,144,18,5,499,6
Dominion Country Club,Dominion Country Club,San Antonio,TX,United States,White,Male,6174,72,70.2,130,76.2,136,4,354,9,4,336,7,4,355,11,4,385,1,3,188,15,4,361,3,5,482,5,3,158,17,5,437,13,4,377,10,5,475,8,4,378,4,4,320,14,4,388,12,3,151,16,4,397,2,3,133,18,5,499,6
Dominion Country Club,Dominion Country Club,San Antonio,TX,United States,White/Green Combo,Male,5738,72,68.2,124,73.7,131,4,354,9,4,336,7,4,321,11,4,332,1,3,143,15,4,361,3,5,422,5,3,158,17,5,437,13,4,367,10,5,475,8,4,378,4,4,320,14,4,279,12,3,140,16,4,327,2,3,133,18,5,455,6
Dominion Country Club,Dominion Country Club,San Antonio,TX,United States,Green,Male,5641,72,67.6,123,73.2,129,4,350,9,4,336,7,4,321,11,4,332,1,3,143,15,4,352,3,5,422,5,3,140,17,5,430,13,4,367,10,5,456,8,4,351,4,4,312,14,4,279,12,3,140,16,4,327,2,3,128,18,5,455,6
Dominion Country Club,Dominion Country Club,San Antonio,TX,United States,Red,Male,5407,72,67,120,71.9,126,4,334,9,4,305,7,4,290,11,4,332,1,3,143,15,4,327,3,5,422,5,3,123,17,5,407,13,4,367,10,5,456,8,4,328,4,4,287,14,4,279,12,3,138,16,4,327,2,3,122,18,5,420,6
Dominion Country Club,Dominion Country Club,San Antonio,TX,United States,Gold,Female,6937,72,,,80.3,145,4,409,7,4,395,3,4,379,11,4,416,13,3,214,15,4,414,9,5,528,1,3,190,17,5,499,5,4,434,6,5,512,2,4,405,8,4,371,10,4,423,16,3,185,18,4,471,4,3,155,14,5,537,12
Dominion Country Club,Dominion Country Club,San Antonio,TX,United States,Blue,Female,6546,72,,,78.2,141,4,383,7,4,359,3,4,355,11,4,400,13,3,197,15,4,392,9,5,511,1,3,171,17,5,484,5,4,396,6,5,488,2,4,380,8,4,355,10,4,397,16,3,168,18,4,442,4,3,144,14,5,524,12
Dominion Country Club,Dominion Country Club,San Antonio,TX,United States,Dominion Tees,Female,6380,72,,,77.3,138,4,354,7,4,359,3,4,355,11,4,385,13,3,188,15,4,392,9,5,511,1,3,158,17,5,484,5,4,377,6,5,488,2,4,378,8,4,355,10,4,388,16,3,168,18,4,397,4,3,144,14,5,499,12
Dominion Country Club,Dominion Country Club,San Antonio,TX,United States,White,Female,6174,72,,,76.2,136,4,354,7,4,336,3,4,355,11,4,385,13,3,188,15,4,361,9,5,482,1,3,158,17,5,437,5,4,377,6,5,475,2,4,378,8,4,320,10,4,388,16,3,151,18,4,397,4,3,133,14,5,499,12
Dominion Country Club,Dominion Country Club,San Antonio,TX,United States,White/Green Combo,Female,5738,72,,,73.7,131,4,354,7,4,336,3,4,321,11,4,332,13,3,143,15,4,361,9,5,422,1,3,158,17,5,437,5,4,367,6,5,475,2,4,378,8,4,320,10,4,279,16,3,140,18,4,327,4,3,133,14,5,455,12
Dominion Country Club,Dominion Country Club,San Antonio,TX,United States,Green,Female,5641,72,,,73.2,129,4,350,7,4,336,3,4,321,11,4,332,13,3,143,15,4,352,9,5,422,1,3,140,17,5,430,5,4,367,6,5,456,2,4,351,8,4,312,10,4,279,16,3,140,18,4,327,4,3,128,14,5,455,12
Dominion Country Club,Dominion Country Club,San Antonio,TX,United States,Red,Female,5407,72,,,71.9,126,4,334,7,4,305,3,4,290,11,4,332,13,3,143,15,4,327,9,5,422,1,3,123,17,5,407,5,4,367,6,5,456,2,4,328,8,4,287,10,4,279,16,3,138,18,4,327,4,3,122,14,5,420,12
Salado Del Rio,Fort Sam Houston Golf Course,San Antonio,TX,United States,Blue,Male,6725,72,72.6,128,79.1,135,4,349,11,4,395,3,5,535,1,4,398,5,3,151,17,4,409,7,4,356,13,4,369,9,4,385,15,5,611,2,3,190,18,5,475,6,3,203,14,5,542,4,4,419,8,4,388,10,3,205,16,4,345,12
Salado Del Rio,Fort Sam Houston Golf Course,San Antonio,TX,United States,White,Male,6248,72,70.6,125,76.4,130,4,339,11,4,366,3,5,508,1,4,387,5,3,123,17,4,396,7,4,336,13,4,341,9,4,362,15,5,538,2,3,149,18,5,442,6,3,173,14,5,514,4,4,413,8,4,358,10,3,184,16,4,319,12
Salado Del Rio,Fort Sam Houston Golf Course,San Antonio,TX,United States,Gold,Male,5620,72,67.5,118,72.9,123,4,335,11,4,345,3,5,482,1,4,225,5,3,121,17,4,343,7,4,301,13,4,322,9,4,298,15,5,549,2,3,126,18,5,438,6,3,148,14,5,464,4,4,340,8,4,319,10,3,141,16,4,323,12
Salado Del Rio,Fort Sam Houston Golf Course,San Antonio,TX,United States,Red,Male,5235,71,65.6,115,70.7,118,4,330,11,4,250,3,5,446,1,4,225,5,3,88,17,4,358,7,4,320,13,4,259,9,4,285,15,5,500,2,3,99,18,4,351,6,3,138,14,5,475,4,4,401,8,4,301,10,3,115,16,4,294,12
Salado Del Rio,Fort Sam Houston Golf Course,San Antonio,TX,United States,Blue,Female,6725,72,,,79.1,135,4,349,5,4,395,13,5,535,1,4,398,15,3,151,17,4,409,3,4,356,11,4,369,7,4,385,9,5,611,2,3,190,18,5,475,6,3,203,16,5,542,4,4,419,8,4,388,12,3,205,14,4,345,10
Salado Del Rio,Fort Sam Houston Golf Course,San Antonio,TX,United States,White,Female,6248,72,,,76.4,130,4,339,5,4,366,13,5,508,1,4,387,15,3,123,17,4,396,3,4,336,11,4,341,7,4,362,9,5,538,2,3,149,18,5,442,6,3,173,16,5,514,4,4,413,8,4,358,12,3,184,14,4,319,10
Salado Del Rio,Fort Sam Houston Golf Course,San Antonio,TX,United States,Gold,Female,5620,72,,,72.9,123,4,335,5,4,345,13,5,482,1,4,225,15,3,121,17,4,343,3,4,301,11,4,322,7,4,298,9,5,549,2,3,126,18,5,438,6,3,148,16,5,464,4,4,340,8,4,319,12,3,141,14,4,323,10
Salado Del Rio,Fort Sam Houston Golf Course,San Antonio,TX,United States,Red,Female,5235,71,,,70.7,118,4,330,5,4,250,13,5,446,1,4,225,15,3,88,17,4,358,3,4,320,11,4,259,7,4,285,9,5,500,2,3,99,18,4,351,6,3,138,16,5,475,4,4,401,8,4,301,12,3,115,14,4,294,10
La Loma Course,Fort Sam Houston Golf Course,San Antonio,TX,United States,Blue,Male,6819,71,72.8,128,79.2,137,4,440,3,4,429,1,5,490,17,4,377,13,3,162,15,4,419,5,3,213,11,4,361,7,5,518,9,4,338,10,5,557,12,3,189,16,4,368,14,4,405,6,4,425,2,3,210,18,4,473,4,4,445,8
La Loma Course,Fort Sam Houston Golf Course,San Antonio,TX,United States,White,Male,6412,71,70.7,123,77,130,4,426,3,4,404,1,5,478,17,4,351,13,3,150,15,4,367,5,3,187,11,4,333,7,5,507,9,4,333,10,5,518,12,3,177,16,4,353,14,4,394,6,4,405,2,3,162,18,4,435,4,4,432,8
La Loma Course,Fort Sam Houston Golf Course,San Antonio,TX,United States,Gold,Male,5552,71,66.9,117,72.2,122,4,374,3,4,357,1,5,448,17,4,318,13,3,125,15,4,339,5,3,165,11,4,288,7,5,430,9,4,269,10,5,468,12,3,135,16,4,312,14,4,344,6,4,326,2,3,131,18,4,353,4,4,370,8
La Loma Course,Fort Sam Houston Golf Course,San Antonio,TX,United States,Red,Male,5235,71,65.5,114,70.3,118,4,363,3,4,339,1,5,442,17,4,300,13,3,107,15,4,318,5,3,138,11,4,271,7,5,401,9,4,253,10,5,443,12,3,120,16,4,291,14,4,321,6,4,310,2,3,123,18,4,340,4,4,355,8
La Loma Course,Fort Sam Houston Golf Course,San Antonio,TX,United States,Blue,Female,6819,72,,,79.2,137,5,440,3,4,429,9,5,490,1,4,377,11,3,162,17,4,419,5,3,213,15,4,361,13,5,518,7,4,338,14,5,557,4,3,189,16,4,368,10,4,405,6,4,425,2,3,210,18,4,473,12,4,445,8
La Loma Course,Fort Sam Houston Golf Course,San Antonio,TX,United States,White,Female,6412,72,,,77,130,5,426,3,4,404,9,5,478,1,4,351,11,3,150,17,4,367,5,3,187,15,4,333,13,5,507,7,4,333,14,5,518,4,3,177,16,4,353,10,4,394,6,4,405,2,3,162,18,4,435,12,4,432,8
La Loma Course,Fort Sam Houston Golf Course,San Antonio,TX,United States,Gold,Female,5552,72,,,72.2,122,5,374,3,4,357,9,5,448,1,4,318,11,3,125,17,4,339,5,3,165,15,4,288,13,5,430,7,4,269,14,5,468,4,3,135,16,4,312,10,4,344,6,4,326,2,3,131,18,4,353,12,4,370,8
La Loma Course,Fort Sam Houston Golf Course,San Antonio,TX,United States,Red,Female,5235,72,,,70.3,118,5,363,3,4,339,9,5,442,1,4,300,11,3,107,17,4,318,5,3,138,15,4,271,13,5,401,7,4,253,14,5,443,4,3,120,16,4,291,10,4,321,6,4,310,2,3,123,18,4,340,12,4,355,8
Galveston Country Club,Galveston Country Club,Galveston,TX,United States,Tee 1,Male,6501,72,72.6,138,79.1,140,5,530,13,3,171,17,4,381,5,4,321,11,4,373,3,5,499,9,4,417,1,3,170,15,4,403,7,4,314,12,3,181,16,5,490,10,4,423,2,5,519,8,4,383,6,4,339,18,3,201,14,4,386,4
Galveston Country Club,Galveston Country Club,Galveston,TX,United States,Tee 2,Male,6108,72,71.2,134,76.9,135,5,490,13,3,146,17,4,360,5,4,301,11,4,350,3,5,476,9,4,393,1,3,157,15,4,390,7,4,298,12,3,160,16,5,473,10,4,402,2,5,490,8,4,369,6,4,317,18,3,180,14,4,356,4
Galveston Country Club,Galveston Country Club,Galveston,TX,United States,Tee 2/3,Male,5894,72,69.1,127,75.7,133,5,490,13,3,146,17,4,330,5,4,301,11,4,330,3,5,476,9,4,364,1,3,157,15,4,351,7,4,298,12,3,160,16,5,473,10,4,367,2,5,490,8,4,330,6,4,317,18,3,180,14,4,334,4
Galveston Country Club,Galveston Country Club,Galveston,TX,United States,Tee 3,Male,5601,72,69,130,74,130,5,461,13,3,136,17,4,330,5,4,283,11,4,330,3,5,428,9,4,364,1,3,139,15,4,351,7,4,291,12,3,120,16,5,422,10,4,367,2,5,465,8,4,330,6,4,283,18,3,167,14,4,334,4
Galveston Country Club,Galveston Country Club,Galveston,TX,United States,Tee 3/4,Male,5388,72,66.7,120,72.1,127,5,461,13,3,136,17,4,280,5,4,283,11,4,305,3,5,428,9,4,324,1,3,139,15,4,316,7,4,291,12,3,120,16,5,422,10,4,328,2,5,465,8,4,306,6,4,283,18,3,167,14,4,334,4
Galveston Country Club,Galveston Country Club,Galveston,TX,United States,Tee 4,Male,4965,72,65.7,117,69.6,123,5,430,13,3,121,17,4,280,5,4,268,11,4,305,3,5,376,9,4,324,1,3,90,15,4,316,7,4,230,12,3,114,16,5,403,10,4,328,2,5,417,8,4,306,6,4,240,18,3,137,14,4,280,4
Galveston Country Club,Galveston Country Club,Galveston,TX,United States,Tee 1,Female,6501,72,,,79.1,140,5,530,5,3,171,15,4,381,9,4,321,11,4,373,1,5,499,13,4,417,3,3,170,17,4,403,7,4,314,16,3,181,14,5,490,6,4,423,8,5,519,10,4,383,2,4,339,18,3,201,12,4,386,4
Galveston Country Club,Galveston Country Club,Galveston,TX,United States,Tee 2,Female,6108,72,,,76.9,135,5,490,5,3,146,15,4,360,9,4,301,11,4,350,1,5,476,13,4,393,3,3,157,17,4,390,7,4,298,16,3,160,14,5,473,6,4,402,8,5,490,10,4,369,2,4,317,18,3,180,12,4,356,4
Galveston Country Club,Galveston Country Club,Galveston,TX,United States,Tee 2/3,Female,5894,72,,,75.7,133,5,490,5,3,146,15,4,330,9,4,301,11,4,330,1,5,476,13,4,364,3,3,157,17,4,351,7,4,298,16,3,160,14,5,473,6,4,367,8,5,490,10,4,330,2,4,317,18,3,180,12,4,334,4
Galveston Country Club,Galveston Country Club,Galveston,TX,United States,Tee 3,Female,5601,72,,,74,130,5,461,5,3,136,15,4,330,9,4,283,11,4,330,1,5,428,13,4,364,3,3,139,17,4,351,7,4,291,16,3,120,14,5,422,6,4,367,8,5,465,10,4,330,2,4,283,18,3,167,12,4,334,4
Galveston Country Club,Galveston Country Club,Galveston,TX,United States,Tee 3/4,Female,5334,72,,,72.1,127,5,461,5,3,136,15,4,280,9,4,283,11,4,305,1,5,428,13,4,324,3,3,139,17,4,316,7,4,291,16,3,120,14,5,422,6,4,328,8,5,465,10,4,306,2,4,283,18,3,167,12,4,280,4
Galveston Country Club,Galveston Country Club,Galveston,TX,United States,Tee 4,Female,4965,72,,,69.6,123,5,430,5,3,121,15,4,280,9,4,268,11,4,305,1,5,376,13,4,324,3,3,90,17,4,316,7,4,230,16,3,114,14,5,403,6,4,328,8,5,417,10,4,306,2,4,240,18,3,137,12,4,280,4
Queen'S,Gleneagles Country Club,Plano,TX,United States,Black,Male,6892,71,74.6,141,,,4,379,13,3,186,17,5,571,1,3,193,15,4,464,11,4,467,7,4,427,9,5,490,5,4,411,3,5,492,10,3,155,18,4,451,2,4,414,8,4,403,12,3,215,16,5,562,4,3,190,14,4,422,6
Queen'S,Gleneagles Country Club,Plano,TX,United States,Blue,Male,6270,71,71.7,136,,,4,358,13,3,176,17,5,482,1,3,165,15,4,417,11,4,416,7,4,394,9,5,440,5,4,378,3,5,451,10,3,130,18,4,400,2,4,394,8,4,385,12,3,197,16,5,523,4,3,166,14,4,398,6
Queen'S,Gleneagles Country Club,Plano,TX,United States,Blue/White,Male,6142,71,71.1,132,,,4,358,13,3,137,17,5,482,1,3,165,15,4,417,11,4,394,7,4,394,9,5,440,5,4,358,3,5,451,10,3,130,18,4,382,2,4,394,8,4,385,12,3,187,16,5,523,4,3,166,14,4,379,6
Queen'S,Gleneagles Country Club,Plano,TX,United States,White,Male,5920,71,69.6,128,74.8,142,4,343,13,3,137,17,5,466,1,3,127,15,4,393,11,4,394,7,4,379,9,5,400,5,4,358,3,5,436,10,3,112,18,4,382,2,4,382,8,4,371,12,3,187,16,5,515,4,3,159,14,4,379,6
Queen'S,Gleneagles Country Club,Plano,TX,United States,White/Green,Male,5443,71,67.3,126,72.8,134,4,298,13,3,137,17,5,446,1,3,127,15,4,393,11,4,368,7,4,336,9,5,400,5,4,358,3,5,436,10,3,112,18,4,336,2,4,340,8,4,371,12,3,140,16,5,445,4,3,90,14,4,310,6
Queen'S,Gleneagles Country Club,Plano,TX,United States,Green,Male,5266,71,66.3,125,71.8,130,4,298,13,3,125,17,5,446,1,3,115,15,4,341,11,4,368,7,4,336,9,5,375,5,4,318,3,5,426,10,3,112,18,4,336,2,4,340,8,4,345,12,3,140,16,5,445,4,3,90,14,4,310,6
Queen'S,Gleneagles Country Club,Plano,TX,United States,White,Female,5920,71,,,74.8,142,4,343,13,3,137,17,5,466,1,3,127,15,4,393,11,4,394,9,4,379,7,5,400,3,4,358,5,5,436,4,3,112,12,4,382,8,4,382,10,4,371,14,3,187,18,5,515,2,3,159,16,4,379,6
Queen'S,Gleneagles Country Club,Plano,TX,United States,White/Green,Female,5443,71,,,72.8,134,4,298,13,3,137,17,5,446,1,3,127,15,4,393,11,4,368,9,4,336,7,5,400,3,4,358,5,5,436,4,3,112,12,4,336,8,4,340,10,4,371,14,3,140,18,5,445,2,3,90,16,4,310,6
Queen'S,Gleneagles Country Club,Plano,TX,United States,Green,Female,5266,71,,,71.8,130,4,298,13,3,125,17,5,446,1,3,115,15,4,341,11,4,368,9,4,336,7,5,375,3,4,318,5,5,426,4,3,112,12,4,336,8,4,340,10,4,345,14,3,140,18,5,445,2,3,90,16,4,310,6
Queen'S,Gleneagles Country Club,Plano,TX,United States,Red,Female,4896,71,,,70.1,124,4,275,13,3,109,17,5,439,1,3,93,15,4,332,11,4,358,9,4,285,7,5,357,3,4,310,5,5,412,4,3,90,12,4,308,8,4,315,10,4,337,14,3,125,18,5,400,2,3,85,16,4,266,6
King'S,Gleneagles Country Club,Plano,TX,United States,Black,Male,7021,72,74.7,143,81.4,155,4,461,3,4,458,7,4,416,15,3,180,17,5,576,11,4,401,5,3,203,13,5,530,1,4,370,9,5,505,8,3,233,14,5,500,2,4,331,10,4,452,6,3,232,18,5,537,4,3,191,16,4,445,12
King'S,Gleneagles Country Club,Plano,TX,United States,Blue,Male,6504,72,72.2,140,78.5,150,4,433,3,4,424,7,4,379,15,3,171,17,5,507,11,4,354,5,3,183,13,5,522,1,4,356,9,5,480,8,3,210,14,5,472,2,4,317,10,4,428,6,3,153,18,5,513,4,3,173,16,4,429,12
King'S,Gleneagles Country Club,Plano,TX,United States,Blue/White,Male,6206,72,70.8,137,76.8,147,4,386,3,4,389,7,4,379,15,3,140,17,5,499,11,4,354,5,3,155,13,5,522,1,4,356,9,5,480,8,3,160,14,5,472,2,4,317,10,4,358,6,3,153,18,5,513,4,3,173,16,4,400,12
King'S,Gleneagles Country Club,Plano,TX,United States,White,Male,5945,72,69.8,135,75.4,145,4,386,3,4,389,7,4,345,15,3,140,17,5,499,11,4,341,5,3,155,13,5,503,1,4,333,9,5,446,8,3,160,14,5,430,2,4,299,10,4,358,6,3,130,18,5,480,4,3,151,16,4,400,12
King'S,Gleneagles Country Club,Plano,TX,United States,White/Green,Male,5502,72,67.7,130,72.9,140,4,386,3,4,332,7,4,345,15,3,96,17,5,499,11,4,341,5,3,114,13,5,447,1,4,333,9,5,409,8,3,160,14,5,397,2,4,299,10,4,306,6,3,130,18,5,410,4,3,127,16,4,371,12
King'S,Gleneagles Country Club,Plano,TX,United States,Green,Male,5151,72,66.6,124,71,136,4,338,3,4,332,7,4,279,15,3,96,17,5,489,11,4,278,5,3,114,13,5,447,1,4,249,9,5,409,8,3,136,14,5,397,2,4,248,10,4,306,6,3,125,18,5,410,4,3,127,16,4,371,12
King'S,Gleneagles Country Club,Plano,TX,United States,Green/Red,Male,4952,72,65.7,122,69.9,132,4,316,3,4,301,7,4,279,15,3,96,17,5,437,11,4,278,5,3,114,13,5,422,1,4,249,9,5,409,8,3,136,14,5,397,2,4,248,10,4,275,6,3,125,18,5,372,4,3,127,16,4,371,12
King'S,Gleneagles Country Club,Plano,TX,United States,Red,Male,4532,72,63.8,120,67.4,126,4,316,3,4,301,7,4,219,15,3,60,17,5,437,11,4,264,5,3,71,13,5,422,1,4,225,9,5,351,8,3,126,14,5,369,2,4,234,10,4,275,6,3,100,18,5,372,4,3,95,16,4,295,12
King'S,Gleneagles Country Club,Plano,TX,United States,Black,Female,7021,72,,,81.4,155,4,461,3,4,458,11,4,416,13,3,180,17,5,576,15,4,401,5,3,203,9,5,530,1,4,370,7,5,505,6,3,233,16,5,500,4,4,331,10,4,452,8,3,232,18,5,537,2,3,191,14,4,445,12
King'S,Gleneagles Country Club,Plano,TX,United States,Blue,Female,6504,72,,,78.5,150,4,433,3,4,424,11,4,379,13,3,171,17,5,507,15,4,354,5,3,183,9,5,522,1,4,356,7,5,480,6,3,210,16,5,472,4,4,317,10,4,428,8,3,153,18,5,513,2,3,173,14,4,429,12
King'S,Gleneagles Country Club,Plano,TX,United States,Blue/White,Female,6206,72,,,76.8,147,4,386,3,4,389,11,4,379,13,3,140,17,5,499,15,4,354,5,3,155,9,5,522,1,4,356,7,5,480,6,3,160,16,5,472,4,4,317,10,4,358,8,3,153,18,5,513,2,3,173,14,4,400,12
King'S,Gleneagles Country Club,Plano,TX,United States,White,Female,5945,72,,,75.4,145,4,386,3,4,389,11,4,345,13,3,140,17,5,499,15,4,341,5,3,155,9,5,503,1,4,333,7,5,446,6,3,160,16,5,430,4,4,299,10,4,358,8,3,130,18,5,480,2,3,151,14,4,400,12
King'S,Gleneagles Country Club,Plano,TX,United States,White/Green,Female,5502,72,,,72.9,140,4,386,3,4,332,11,4,345,13,3,96,17,5,499,15,4,341,5,3,114,9,5,447,1,4,333,7,5,409,6,3,160,16,5,397,4,4,299,10,4,306,8,3,130,18,5,410,2,3,127,14,4,371,12
King'S,Gleneagles Country Club,Plano,TX,United States,Green,Female,5151,72,,,71,136,4,338,3,4,332,11,4,279,13,3,96,17,5,489,15,4,278,5,3,114,9,5,447,1,4,249,7,5,409,6,3,136,16,5,397,4,4,248,10,4,306,8,3,125,18,5,410,2,3,127,14,4,371,12
King'S,Gleneagles Country Club,Plano,TX,United States,Green/Red,Female,4952,72,,,69.9,132,4,316,3,4,301,11,4,279,13,3,96,17,5,437,15,4,278,5,3,114,9,5,422,1,4,249,7,5,409,6,3,136,16,5,397,4,4,248,10,4,275,8,3,125,18,5,372,2,3,127,14,4,371,12
King'S,Gleneagles Country Club,Plano,TX,United States,Red,Female,4532,72,,,67.4,126,4,316,3,4,301,11,4,219,13,3,60,17,5,437,15,4,264,5,3,71,9,5,422,1,4,225,7,5,351,6,3,126,16,5,369,4,4,234,10,4,275,8,3,100,18,5,372,2,3,95,14,4,295,12
The Golf Club At Cinco Ranch,The Golf Club At Cinco Ranch,Katy,TX,United States,,,,,,,,,,,,,,,,,,,,,,,,,,,,,,,,,,,,,,,,,,,,,,,,,,,,,,,,,,,,,,
Tournament,Golf Club Of Houston,Humble,TX,United States,Tournament,Male,7425,72,76.4,148,,,4,395,17,4,429,11,4,392,9,5,565,7,4,467,1,4,460,3,3,173,15,5,564,5,3,238,13,4,382,16,4,440,10,4,335,18,5,588,8,3,215,14,5,609,6,3,199,12,4,487,2,4,487,4
Tournament,Golf Club Of Houston,Humble,TX,United States,Combo Tournament/Blue,Male,6861,72,73.8,143,,,4,395,17,4,393,11,4,392,9,5,517,7,4,391,1,4,392,3,3,173,15,5,564,5,3,196,13,4,382,16,4,389,10,4,335,18,5,556,8,3,165,14,5,563,6,3,199,12,4,417,2,4,442,4
Tournament,Golf Club Of Houston,Humble,TX,United States,Blue,Male,6571,72,72.5,140,,,4,366,17,4,393,11,4,350,9,5,517,7,4,391,1,4,392,3,3,145,15,5,522,5,3,196,13,4,299,16,4,389,10,4,295,18,5,556,8,3,165,14,5,563,6,3,173,12,4,417,2,4,442,4
Tournament,Golf Club Of Houston,Humble,TX,United States,White,Male,5945,72,69.6,128,75.1,136,4,350,17,4,306,11,4,328,9,5,459,7,4,327,1,4,326,3,3,124,15,5,502,5,3,169,13,4,275,16,4,369,10,4,258,18,5,542,8,3,144,14,5,510,6,3,155,12,4,391,2,4,410,4
Tournament,Golf Club Of Houston,Humble,TX,United States,Green,Male,5413,72,66.6,118,71.9,128,4,327,17,4,280,11,4,311,9,5,429,7,4,291,1,4,289,3,3,109,15,5,453,5,3,145,13,4,259,16,4,349,10,4,238,18,5,478,8,3,105,14,5,483,6,3,139,12,4,372,2,4,356,4
Tournament,Golf Club Of Houston,Humble,TX,United States,White,Female,5965,72,,,75.1,136,4,350,17,4,306,11,4,338,9,5,459,7,4,327,1,4,326,3,3,124,15,5,502,5,3,169,13,4,275,16,4,369,10,4,258,18,5,542,8,3,144,14,5,510,6,3,155,12,4,401,2,4,410,4
Tournament,Golf Club Of Houston,Humble,TX,United States,Green,Female,5400,72,,,71.9,128,4,327,17,4,260,11,4,318,9,5,429,7,4,291,1,4,289,3,3,109,15,5,453,5,3,145,13,4,259,16,4,349,10,4,238,18,5,478,8,3,105,14,5,483,6,3,139,12,4,372,2,4,356,4
Member,Golf Club Of Houston,Humble,TX,United States,Black,Male,7508,72,76.5,138,,,4,414,15,4,444,11,5,577,13,3,195,17,4,436,9,5,574,5,4,474,3,4,475,1,4,448,7,5,562,4,4,427,10,3,222,12,4,401,8,3,190,16,4,393,14,4,498,2,3,196,18,5,582,6
Member,Golf Club Of Houston,Humble,TX,United States,Gold,Male,7069,72,74.5,134,,,4,390,15,4,431,11,5,542,13,3,192,17,4,418,9,5,539,5,4,420,3,4,450,1,4,433,7,5,508,4,4,413,10,3,217,12,4,394,8,3,153,16,4,377,14,4,456,2,3,182,18,5,554,6
Member,Golf Club Of Houston,Humble,TX,United States,Gold/Blue Combo,Male,6756,72,73,130,,,4,366,15,4,383,11,5,542,13,3,163,17,4,385,9,5,539,5,4,394,3,4,418,1,4,415,7,5,508,4,4,380,10,3,196,12,4,394,8,3,149,16,4,377,14,4,431,2,3,162,18,5,554,6
Member,Golf Club Of Houston,Humble,TX,United States,Blue,Male,6517,72,71.9,129,,,4,366,15,4,383,11,5,510,13,3,163,17,4,385,9,5,510,5,4,394,3,4,418,1,4,415,7,5,481,4,4,380,10,3,196,12,4,289,8,3,149,16,4,356,14,4,431,2,3,162,18,5,529,6
Member,Golf Club Of Houston,Humble,TX,United States,White,Male,6084,72,69.8,124,74.5,131,4,340,15,4,371,11,5,478,13,3,158,17,4,358,9,5,485,5,4,370,3,4,385,1,4,399,7,5,454,4,4,350,10,3,163,12,4,285,8,3,112,16,4,332,14,4,404,2,3,141,18,5,499,6
Member,Golf Club Of Houston,Humble,TX,United States,Red,Male,5384,72,67.6,114,71,121,4,282,15,4,321,11,5,452,13,3,93,17,4,322,9,5,421,5,4,344,3,4,296,1,4,369,7,5,422,4,4,310,10,3,129,12,4,257,8,3,86,16,4,311,14,4,379,2,3,121,18,5,469,6
Member,Golf Club Of Houston,Humble,TX,United States,White,Female,6084,72,,,74.5,131,4,340,15,4,371,9,5,478,11,3,158,17,4,358,5,5,485,13,4,370,3,4,385,1,4,399,7,5,454,6,4,350,14,3,163,12,4,285,8,3,112,18,4,332,10,4,404,2,3,141,16,5,499,4
Member,Golf Club Of Houston,Humble,TX,United States,Red,Female,5384,72,,,71,121,4,282,15,4,321,9,5,452,11,3,93,17,4,322,5,5,421,13,4,344,3,4,296,1,4,369,7,5,422,6,4,310,14,3,129,12,4,257,8,3,86,18,4,311,10,4,379,2,3,121,16,5,469,4
Lakes/Creeks,Hyatt Hill Country Golf Club,San Antonio,TX,United States,Black,Male,6801,72,74.3,134,,,4,341,11,3,148,17,4,452,1,3,207,13,4,331,15,5,541,5,4,409,7,5,553,9,4,446,3,4,408,10,4,344,6,3,215,12,5,547,14,4,464,2,4,287,18,4,397,4,3,170,16,5,541,8
Lakes/Creeks,Hyatt Hill Country Golf Club,San Antonio,TX,United States,Blue,Male,6167,72,71.9,127,,,4,320,11,3,122,17,4,427,1,3,162,13,4,297,15,5,495,5,4,372,7,5,528,9,4,402,3,4,351,10,4,315,6,3,183,12,5,520,14,4,390,2,4,265,18,4,357,4,3,153,16,5,508,8
Lakes/Creeks,Hyatt Hill Country Golf Club,San Antonio,TX,United States,White,Male,5586,72,68.7,116,73.6,126,4,285,11,3,108,17,4,402,1,3,128,13,4,281,15,5,407,5,4,336,7,5,469,9,4,387,3,4,336,10,4,283,6,3,173,12,5,488,14,4,335,2,4,243,18,4,325,4,3,114,16,5,486,8
Lakes/Creeks,Hyatt Hill Country Golf Club,San Antonio,TX,United States,Red,Male,4939,72,65.2,115,69.3,117,4,263,11,3,83,17,4,334,1,3,109,13,4,241,15,5,370,5,4,294,7,5,410,9,4,342,3,4,292,10,4,286,6,3,146,12,5,448,14,4,345,2,4,196,18,4,277,4,3,88,16,5,415,8
Lakes/Creeks,Hyatt Hill Country Golf Club,San Antonio,TX,United States,White,Female,5586,72,,,73.6,126,4,285,11,3,108,17,4,402,5,3,128,15,4,281,13,5,407,1,4,336,9,5,469,7,4,387,3,4,336,6,4,283,14,3,173,10,5,488,8,4,335,2,4,243,16,4,325,4,3,114,18,5,486,12
Lakes/Creeks,Hyatt Hill Country Golf Club,San Antonio,TX,United States,Red,Female,4809,72,,,69.3,117,4,247,11,3,70,17,4,322,5,3,109,15,4,241,13,5,370,1,4,294,9,5,410,7,4,342,3,4,285,6,4,251,14,3,141,10,5,454,8,4,322,2,4,196,16,4,285,4,3,88,18,5,382,12
Lakes/Oaks,Hyatt Hill Country Golf Club,San Antonio,TX,United States,Black,Male,6761,72,73.9,138,,,4,341,11,3,148,17,4,452,1,3,207,13,4,331,15,5,541,5,4,409,7,5,553,9,4,446,3,4,369,10,4,394,6,4,297,18,4,413,2,3,167,16,5,531,12,4,428,4,3,185,14,5,549,8
Lakes/Oaks,Hyatt Hill Country Golf Club,San Antonio,TX,United States,Blue,Male,6291,72,72.1,134,,,4,320,11,3,122,17,4,427,1,3,162,13,4,297,15,5,495,5,4,372,7,5,528,9,4,402,3,4,351,10,4,380,6,4,287,18,4,388,2,3,148,16,5,510,12,4,408,4,3,165,14,5,529,8
Lakes/Oaks,Hyatt Hill Country Golf Club,San Antonio,TX,United States,White,Male,5658,72,68.9,121,74.6,128,4,285,11,3,108,17,4,402,1,3,128,13,4,281,15,5,407,5,4,336,7,5,469,9,4,387,3,4,328,10,4,360,6,4,262,18,4,366,2,3,124,16,5,491,12,4,336,4,3,150,14,5,438,8
Lakes/Oaks,Hyatt Hill Country Golf Club,San Antonio,TX,United States,Red,Male,4778,72,64.5,115,69.5,117,4,263,11,3,83,17,4,334,1,3,109,13,4,241,15,5,370,5,4,294,7,5,410,9,4,342,3,4,265,10,4,277,6,4,247,18,4,246,2,3,109,16,5,375,12,4,299,4,3,116,14,5,398,8
Lakes/Oaks,Hyatt Hill Country Golf Club,San Antonio,TX,United States,White,Female,5658,73,,,74.6,128,4,285,11,3,108,17,5,402,5,3,128,15,4,281,13,5,407,1,4,336,9,5,469,7,4,387,3,4,328,10,4,360,4,4,262,12,4,366,14,3,124,16,5,491,6,4,336,2,3,150,18,5,438,8
Lakes/Oaks,Hyatt Hill Country Golf Club,San Antonio,TX,United States,Red,Female,4737,72,,,69.5,117,4,247,11,3,70,17,4,322,5,3,109,15,4,241,13,5,370,1,4,294,9,5,410,7,4,342,3,4,265,10,4,277,4,4,247,12,4,246,14,3,109,16,5,375,6,4,299,2,3,116,18,5,398,8
Creeks/Oaks,Hyatt Hill Country Golf Club,San Antonio,TX,United States,Black,Male,6706,72,73.8,133,,,4,408,9,4,344,5,3,215,11,5,547,13,4,464,1,4,287,17,4,397,3,3,170,15,5,541,7,4,369,10,4,394,6,4,297,18,4,413,2,3,167,16,5,531,12,4,428,4,3,185,14,5,549,8
Creeks/Oaks,Hyatt Hill Country Golf Club,San Antonio,TX,United States,Blue,Male,6208,72,72,130,,,4,351,9,4,315,5,3,183,11,5,520,13,4,390,1,4,265,17,4,357,3,3,153,15,5,508,7,4,351,10,4,380,6,4,287,18,4,388,2,3,148,16,5,510,12,4,408,4,3,165,14,5,529,8
Creeks/Oaks,Hyatt Hill Country Golf Club,San Antonio,TX,United States,White,Male,5638,72,68.8,120,74.2,126,4,336,9,4,283,5,3,173,11,5,488,13,4,335,1,4,243,17,4,325,3,3,114,15,5,486,7,4,328,10,4,360,6,4,262,18,4,366,2,3,124,16,5,491,12,4,336,4,3,150,14,5,438,8
Creeks/Oaks,Hyatt Hill Country Golf Club,San Antonio,TX,United States,Red,Male,4825,72,64.5,116,69.2,120,4,292,9,4,286,5,3,146,11,5,448,13,4,345,1,4,196,17,4,277,3,3,88,15,5,415,7,4,265,10,4,277,6,4,247,18,4,246,2,3,109,16,5,375,12,4,299,4,3,116,14,5,398,8
Creeks/Oaks,Hyatt Hill Country Golf Club,San Antonio,TX,United States,White,Female,5638,72,,,74.2,126,4,336,5,4,283,13,3,173,9,5,488,7,4,335,1,4,243,15,4,325,3,3,114,17,5,486,11,4,328,10,4,360,4,4,262,12,4,366,14,3,124,16,5,491,6,4,336,2,3,150,18,5,438,8
Creeks/Oaks,Hyatt Hill Country Golf Club,San Antonio,TX,United States,Red,Female,4736,72,,,69.2,120,4,285,5,4,251,13,3,141,9,5,454,7,4,322,1,4,196,15,4,285,3,3,88,17,5,382,11,4,265,10,4,277,4,4,247,12,4,246,14,3,109,16,5,375,6,4,299,2,3,116,18,5,398,8
Marsh,The Clubs Of Kingwood,Kingwood,TX,United States,GOLD,Male,6754,72,73.1,134,,,4,403,7,4,382,9,5,530,1,4,384,5,3,174,17,4,382,11,4,377,13,3,162,15,5,514,3,4,425,4,4,395,14,5,526,2,4,415,8,3,191,16,4,420,10,4,404,12,3,175,18,5,495,6
Marsh,The Clubs Of Kingwood,Kingwood,TX,United States,Gold/Blue,Male,6454,72,72.5,133,79,145,4,403,7,4,363,9,5,530,1,4,358,5,3,150,17,4,348,11,4,346,13,3,162,15,5,514,3,4,425,4,4,345,14,5,526,2,4,390,8,3,191,16,4,364,10,4,369,12,3,175,18,5,495,6
Marsh,The Clubs Of Kingwood,Kingwood,TX,United States,BLUE,Male,6184,72,71.2,130,,,4,372,7,4,363,9,5,500,1,4,358,5,3,150,17,4,348,11,4,346,13,3,138,15,5,473,3,4,377,4,4,345,14,5,483,2,4,390,8,3,173,16,4,364,10,4,369,12,3,161,18,5,474,6
Marsh,The Clubs Of Kingwood,Kingwood,TX,United States,Blue/White,Male,6000,72,70.8,127,76.5,140,4,372,7,4,348,9,5,488,1,4,324,5,3,150,17,4,333,11,4,346,13,3,138,15,5,459,3,4,369,4,4,345,14,5,483,2,4,372,8,3,155,16,4,364,10,4,369,12,3,161,18,5,424,6
Marsh,The Clubs Of Kingwood,Kingwood,TX,United States,White,Male,5865,72,69.9,125,75.4,138,4,362,7,4,348,9,5,488,1,4,324,5,3,137,17,4,333,11,4,337,13,3,127,15,5,459,3,4,369,4,4,312,14,5,472,2,4,372,8,3,155,16,4,345,10,4,354,12,3,147,18,5,424,6
Marsh,The Clubs Of Kingwood,Kingwood,TX,United States,White/Silver,Male,5580,72,68.8,122,74.6,130,4,330,7,4,317,9,5,458,1,4,297,5,3,137,17,4,333,11,4,337,13,3,127,15,5,459,3,4,369,4,4,312,14,5,434,2,4,327,8,3,112,16,4,327,10,4,333,12,3,147,18,5,424,6
Marsh,The Clubs Of Kingwood,Kingwood,TX,United States,Silver,Male,5313,72,67,115,72.7,126,4,330,7,4,317,9,5,458,1,4,297,5,3,121,17,4,303,11,4,299,13,3,78,15,5,421,3,4,363,4,4,301,14,5,434,2,4,327,8,3,112,16,4,327,10,4,333,12,3,120,18,5,372,6
Marsh,The Clubs Of Kingwood,Kingwood,TX,United States,Gold,Female,6754,72,,,80.7,148,4,403,6,4,382,8,5,530,4,4,384,2,3,174,16,4,382,12,4,377,14,3,162,18,5,514,10,4,425,3,4,395,13,5,526,1,4,415,5,3,191,15,4,420,9,4,404,7,3,175,17,5,495,11
Marsh,The Clubs Of Kingwood,Kingwood,TX,United States,Gold/Blue,Female,6454,72,,,79,145,4,403,6,4,363,8,5,530,4,4,358,2,3,150,16,4,348,12,4,346,14,3,162,18,5,514,10,4,425,3,4,345,13,5,526,1,4,390,5,3,191,15,4,364,9,4,369,7,3,175,17,5,495,11
Marsh,The Clubs Of Kingwood,Kingwood,TX,United States,Blue,Female,6184,72,,,77.5,142,4,372,6,4,363,8,5,500,4,4,358,2,3,150,16,4,348,12,4,346,14,3,138,18,5,473,10,4,377,3,4,345,13,5,483,1,4,390,5,3,173,15,4,364,9,4,369,7,3,161,17,5,474,11
Marsh,The Clubs Of Kingwood,Kingwood,TX,United States,Blue/White,Female,6000,72,,,76.5,140,4,372,6,4,348,8,5,488,4,4,324,2,3,150,16,4,333,12,4,346,14,3,138,18,5,459,10,4,369,3,4,345,13,5,483,1,4,372,5,3,155,15,4,364,9,4,369,7,3,161,17,5,424,11
Marsh,The Clubs Of Kingwood,Kingwood,TX,United States,White,Female,5865,72,,,75.4,138,4,362,6,4,348,8,5,488,4,4,324,2,3,137,16,4,333,12,4,337,14,3,127,18,5,459,10,4,369,3,4,312,13,5,472,1,4,372,5,3,155,15,4,345,9,4,354,7,3,147,17,5,424,11
Marsh,The Clubs Of Kingwood,Kingwood,TX,United States,White/Silver,Female,5580,72,,,74.6,130,4,330,6,4,317,8,5,458,4,4,297,2,3,137,16,4,333,12,4,337,14,3,127,18,5,459,10,4,369,3,4,312,13,5,434,1,4,327,5,3,112,15,4,327,9,4,333,7,3,147,17,5,424,11
Marsh,The Clubs Of Kingwood,Kingwood,TX,United States,Silver,Female,5313,72,,,72.7,126,4,330,6,4,317,8,5,458,4,4,297,2,3,121,16,4,303,12,4,299,14,3,78,18,5,421,10,4,363,3,4,301,13,5,434,1,4,327,5,3,112,15,4,327,9,4,333,7,3,120,17,5,372,11
Island,The Clubs Of Kingwood,Kingwood,TX,United States,Gold,Male,7253,72,75.1,143,82.9,153,5,514,12,4,412,10,3,168,18,4,407,14,4,395,6,5,568,8,4,430,2,3,194,16,4,451,4,4,446,5,5,583,7,3,186,17,4,419,13,4,410,11,4,461,3,4,413,9,3,224,15,5,572,1
Island,The Clubs Of Kingwood,Kingwood,TX,United States,Gold/Blue,Male,7016,72,74.7,141,81.6,151,5,514,12,4,412,10,3,130,18,4,407,14,4,370,6,5,568,8,4,407,2,3,172,16,4,430,4,4,411,5,5,583,7,3,186,17,4,386,13,4,410,11,4,445,3,4,413,9,3,200,15,5,572,1
Island,The Clubs Of Kingwood,Kingwood,TX,United States,Blue,Male,6777,72,73.3,137,80.3,147,5,482,12,4,380,10,3,130,18,4,381,14,4,370,6,5,520,8,4,407,2,3,172,16,4,430,4,4,411,5,5,569,7,3,170,17,4,386,13,4,381,11,4,445,3,4,388,9,3,200,15,5,555,1
Island,The Clubs Of Kingwood,Kingwood,TX,United States,Blue/White,Male,6617,72,73,136,79.4,146,5,482,12,4,380,10,3,130,18,4,381,14,4,355,6,5,520,8,4,393,2,3,130,16,4,420,4,4,402,5,5,558,7,3,170,17,4,386,13,4,381,11,4,430,3,4,388,9,3,175,15,5,536,1
Island,The Clubs Of Kingwood,Kingwood,TX,United States,White,Male,6407,72,72.5,130,77.2,144,5,447,12,4,350,10,3,117,18,4,356,14,4,355,6,5,490,8,4,393,2,3,130,16,4,420,4,4,402,5,5,558,7,3,154,17,4,366,13,4,360,11,4,430,3,4,368,9,3,175,15,5,536,1
Island,The Clubs Of Kingwood,Kingwood,TX,United States,White/Silver,Male,6075,72,71.4,128,76.4,139,5,447,12,4,334,10,3,117,18,4,325,14,4,316,6,5,490,8,4,349,2,3,130,16,4,403,4,4,354,5,5,486,7,3,154,17,4,366,13,4,360,11,4,430,3,4,368,9,3,144,15,5,502,1
Island,The Clubs Of Kingwood,Kingwood,TX,United States,Silver,Male,5821,72,70,126,73.8,138,5,427,12,4,334,10,3,88,18,4,325,14,4,316,6,5,410,8,4,349,2,3,120,16,4,403,4,4,354,5,5,486,7,3,144,17,4,332,13,4,340,11,4,402,3,4,345,9,3,144,15,5,502,1
Island,The Clubs Of Kingwood,Kingwood,TX,United States,Gold,Female,7253,74,,,82.9,153,5,514,12,4,412,10,3,168,18,4,407,4,4,395,2,5,568,8,4,430,6,3,194,16,5,451,14,4,446,5,5,583,3,3,186,17,4,419,11,4,410,9,5,461,13,4,413,7,3,224,15,5,572,1
Island,The Clubs Of Kingwood,Kingwood,TX,United States,Gold/Blue,Female,7016,74,,,81.6,151,5,514,12,4,412,10,3,130,18,4,407,4,4,370,2,5,568,8,4,407,6,3,172,16,5,430,14,4,411,5,5,583,3,3,186,17,4,386,11,4,410,9,5,445,13,4,413,7,3,200,15,5,572,1
Island,The Clubs Of Kingwood,Kingwood,TX,United States,Blue,Female,6777,74,,,80.3,147,5,482,12,4,380,10,3,130,18,4,381,4,4,370,2,5,520,8,4,407,6,3,172,16,5,430,14,4,411,5,5,569,3,3,170,17,4,386,11,4,381,9,5,445,13,4,388,7,3,200,15,5,555,1
Island,The Clubs Of Kingwood,Kingwood,TX,United States,Blue/White,Female,6617,74,,,79.4,146,5,482,12,4,380,10,3,130,18,4,381,4,4,355,2,5,520,8,4,393,6,3,130,16,5,420,14,4,402,5,5,558,3,3,170,17,4,386,11,4,381,9,5,430,13,4,388,7,3,175,15,5,536,1
Island,The Clubs Of Kingwood,Kingwood,TX,United States,White,Female,6407,74,,,77.2,144,5,447,12,4,350,10,3,117,18,4,356,4,4,355,2,5,490,8,4,393,6,3,130,16,5,420,14,4,402,5,5,558,3,3,154,17,4,366,11,4,360,9,5,430,13,4,368,7,3,175,15,5,536,1
Island,The Clubs Of Kingwood,Kingwood,TX,United States,White/Silver,Female,6075,74,,,76.4,139,5,447,12,4,334,10,3,117,18,4,325,4,4,316,2,5,490,8,4,349,6,3,130,16,5,403,14,4,354,5,5,486,3,3,154,17,4,366,11,4,360,9,5,430,13,4,368,7,3,144,15,5,502,1
Island,The Clubs Of Kingwood,Kingwood,TX,United States,Silver,Female,5821,74,,,73.8,138,5,427,12,4,334,10,3,88,18,4,325,4,4,316,2,5,410,8,4,349,6,3,120,16,5,403,14,4,354,5,5,486,3,3,144,17,4,332,11,4,340,9,5,402,13,4,345,7,3,144,15,5,502,1
Forest,The Clubs Of Kingwood,Kingwood,TX,United States,Gold,Male,7058,72,74.9,142,81.9,150,4,371,13,4,425,7,5,522,3,3,202,17,5,530,1,3,158,15,4,478,5,4,414,9,4,426,11,5,510,10,3,210,16,4,343,8,4,369,14,3,178,18,4,473,6,4,392,12,5,602,2,4,455,4
Forest,The Clubs Of Kingwood,Kingwood,TX,United States,Gold/Blue,Male,6783,72,73.6,137,80.4,148,4,371,13,4,389,7,5,522,3,3,176,17,5,530,1,3,158,15,4,445,5,4,395,9,4,426,11,5,484,10,3,177,16,4,343,8,4,334,14,3,147,18,4,437,6,4,392,12,5,602,2,4,455,4
Forest,The Clubs Of Kingwood,Kingwood,TX,United States,Blue,Male,6550,72,72.3,134,79,145,4,346,13,4,389,7,5,495,3,3,176,17,5,508,1,3,134,15,4,445,5,4,395,9,4,386,11,5,484,10,3,177,16,4,322,8,4,334,14,3,147,18,4,437,6,4,373,12,5,574,2,4,428,4
Forest,The Clubs Of Kingwood,Kingwood,TX,United States,Blue/White,Male,6282,72,71.3,129,77.6,143,4,346,13,4,365,7,5,469,3,3,176,17,5,508,1,3,134,15,4,416,5,4,360,9,4,350,11,5,484,10,3,155,16,4,322,8,4,334,14,3,147,18,4,411,6,4,373,12,5,551,2,4,381,4
Forest,The Clubs Of Kingwood,Kingwood,TX,United States,White,Male,6082,72,70.2,127,76.4,141,4,323,13,4,365,7,5,469,3,3,142,17,5,482,1,3,114,15,4,416,5,4,360,9,4,350,11,5,465,10,3,155,16,4,305,8,4,322,14,3,121,18,4,411,6,4,350,12,5,551,2,4,381,4
Forest,The Clubs Of Kingwood,Kingwood,TX,United States,White/Silver,Male,5815,72,68.8,124,74.7,137,4,323,13,4,325,7,5,469,3,3,142,17,5,455,1,3,114,15,4,389,5,4,345,9,4,350,11,5,465,10,3,124,16,4,305,8,4,322,14,3,121,18,4,388,6,4,315,12,5,508,2,4,355,4
Forest,The Clubs Of Kingwood,Kingwood,TX,United States,Silver,Male,5564,72,67.7,119,73.2,132,4,289,13,4,325,7,5,434,3,3,119,17,5,455,1,3,97,15,4,389,5,4,345,9,4,311,11,5,439,10,3,124,16,4,288,8,4,282,14,3,101,18,4,388,6,4,315,12,5,508,2,4,355,4
Forest,The Clubs Of Kingwood,Kingwood,TX,United States,Gold,Female,7058,72,,,81.9,150,4,371,11,4,425,9,5,522,3,3,202,17,5,530,1,3,158,15,4,478,5,4,414,7,4,426,13,5,510,10,3,210,16,4,343,8,4,369,14,3,178,18,4,473,6,4,392,12,5,602,2,4,455,4
Forest,The Clubs Of Kingwood,Kingwood,TX,United States,Gold/Blue,Female,6783,72,,,80.4,148,4,371,11,4,389,9,5,522,3,3,176,17,5,530,1,3,158,15,4,445,5,4,395,7,4,426,13,5,484,10,3,177,16,4,343,8,4,334,14,3,147,18,4,437,6,4,392,12,5,602,2,4,455,4
Forest,The Clubs Of Kingwood,Kingwood,TX,United States,Blue,Female,6550,72,,,79,145,4,346,11,4,389,9,5,495,3,3,176,17,5,508,1,3,134,15,4,445,5,4,395,7,4,386,13,5,484,10,3,177,16,4,322,8,4,334,14,3,147,18,4,437,6,4,373,12,5,574,2,4,428,4
Forest,The Clubs Of Kingwood,Kingwood,TX,United States,Blue/White,Female,6282,72,,,77.6,143,4,346,11,4,365,9,5,469,3,3,176,17,5,508,1,3,134,15,4,416,5,4,360,7,4,350,13,5,484,10,3,155,16,4,322,8,4,334,14,3,147,18,4,411,6,4,373,12,5,551,2,4,381,4
Forest,The Clubs Of Kingwood,Kingwood,TX,United States,White,Female,6082,72,,,76.4,141,4,323,11,4,365,9,5,469,3,3,142,17,5,482,1,3,114,15,4,416,5,4,360,7,4,350,13,5,465,10,3,155,16,4,305,8,4,322,14,3,121,18,4,411,6,4,350,12,5,551,2,4,381,4
Forest,The Clubs Of Kingwood,Kingwood,TX,United States,White/Silver,Female,5815,72,,,74.7,137,4,323,11,4,325,9,5,469,3,3,142,17,5,455,1,3,114,15,4,389,5,4,345,7,4,350,13,5,465,10,3,124,16,4,305,8,4,322,14,3,121,18,4,388,6,4,315,12,5,508,2,4,355,4
Forest,The Clubs Of Kingwood,Kingwood,TX,United States,Silver,Female,5564,72,,,73.2,132,4,289,11,4,325,9,5,434,3,3,119,17,5,455,1,3,97,15,4,389,5,4,345,7,4,311,13,5,439,10,3,124,16,4,288,8,4,282,14,3,101,18,4,388,6,4,315,12,5,508,2,4,355,4
Lake,The Clubs Of Kingwood,Kingwood,TX,United States,Gold,Male,6933,72,73.6,134,80.9,144,4,414,7,5,521,9,4,403,5,3,212,13,5,545,3,3,198,15,5,567,1,3,182,17,4,405,11,5,521,6,4,440,10,4,372,14,3,186,16,4,385,12,3,173,18,4,430,4,4,447,2,5,532,8
Lake,The Clubs Of Kingwood,Kingwood,TX,United States,Gold/Blue,Male,6661,72,72.5,132,79.3,141,4,381,7,5,521,9,4,389,5,3,199,13,5,545,3,3,198,15,5,567,1,3,158,17,4,405,11,5,521,6,4,389,10,4,372,14,3,149,16,4,385,12,3,148,18,4,395,4,4,407,2,5,532,8
Lake,The Clubs Of Kingwood,Kingwood,TX,United States,Blue,Male,6320,72,71.2,127,77.4,137,4,381,7,5,482,9,4,389,5,3,199,13,5,494,3,3,173,15,5,557,1,3,158,17,4,350,11,5,459,6,4,389,10,4,337,14,3,149,16,4,371,12,3,148,18,4,395,4,4,407,2,5,482,8
Lake,The Clubs Of Kingwood,Kingwood,TX,United States,Blue/White,Male,6116,72,70.3,126,76.4,136,4,336,7,5,482,9,4,361,5,3,187,13,5,494,3,3,153,15,5,541,1,3,158,17,4,350,11,5,419,6,4,389,10,4,337,14,3,134,16,4,371,12,3,148,18,4,380,4,4,394,2,5,482,8
Lake,The Clubs Of Kingwood,Kingwood,TX,United States,White,Male,5960,72,69.4,124,75.2,134,4,336,7,5,458,9,4,361,5,3,187,13,5,475,3,3,153,15,5,541,1,3,148,17,4,315,11,5,419,6,4,380,10,4,327,14,3,134,16,4,344,12,3,138,18,4,380,4,4,394,2,5,470,8
Lake,The Clubs Of Kingwood,Kingwood,TX,United States,White/Silver,Male,5602,72,67.8,119,73.7,129,4,336,7,5,458,9,4,309,5,3,140,13,5,437,3,3,153,15,5,484,1,3,148,17,4,315,11,5,419,6,4,357,10,4,327,14,3,108,16,4,344,12,3,138,18,4,340,4,4,360,2,5,429,8
Lake,The Clubs Of Kingwood,Kingwood,TX,United States,Silver,Male,5284,72,65.8,117,71.5,125,4,297,7,5,397,9,4,309,5,3,140,13,5,437,3,3,118,15,5,484,1,3,119,17,4,282,11,5,392,6,4,357,10,4,282,14,3,108,16,4,317,12,3,116,18,4,340,4,4,360,2,5,429,8
Lake,The Clubs Of Kingwood,Kingwood,TX,United States,Gold,Female,6933,73,,,80.9,144,4,414,6,5,521,10,4,403,8,3,212,18,5,545,4,3,198,14,5,567,2,3,182,16,4,405,12,5,521,9,4,440,5,4,372,13,3,186,15,4,385,11,3,173,17,4,430,3,5,447,7,5,532,1
Lake,The Clubs Of Kingwood,Kingwood,TX,United States,Gold/Blue,Female,6661,73,,,79.3,141,4,381,6,5,521,10,4,389,8,3,199,18,5,545,4,3,198,14,5,567,2,3,158,16,4,405,12,5,521,9,4,389,5,4,372,13,3,149,15,4,385,11,3,148,17,4,395,3,5,407,7,5,532,1
Lake,The Clubs Of Kingwood,Kingwood,TX,United States,Blue,Female,6320,73,,,77.4,137,4,381,6,5,482,10,4,389,8,3,199,18,5,494,4,3,173,14,5,557,2,3,158,16,4,350,12,5,459,9,4,389,5,4,337,13,3,149,15,4,371,11,3,148,17,4,395,3,5,407,7,5,482,1
Lake,The Clubs Of Kingwood,Kingwood,TX,United States,Blue/White,Female,6116,73,,,76.4,136,4,336,6,5,482,10,4,361,8,3,187,18,5,494,4,3,153,14,5,541,2,3,158,16,4,350,12,5,419,9,4,389,5,4,337,13,3,134,15,4,371,11,3,148,17,4,380,3,5,394,7,5,482,1
Lake,The Clubs Of Kingwood,Kingwood,TX,United States,White,Female,5960,73,,,75.2,134,4,336,6,5,458,10,4,361,8,3,187,18,5,475,4,3,153,14,5,541,2,3,148,16,4,315,12,5,419,9,4,380,5,4,327,13,3,134,15,4,344,11,3,138,17,4,380,3,5,394,7,5,470,1
Lake,The Clubs Of Kingwood,Kingwood,TX,United States,White/Silver,Female,5677,73,,,73.7,129,4,336,6,5,458,10,4,309,8,3,140,18,5,437,4,3,153,14,5,484,2,3,148,16,4,315,12,5,419,9,4,357,5,4,327,13,3,108,15,4,344,11,3,138,17,4,340,3,5,394,7,5,470,1
Lake,The Clubs Of Kingwood,Kingwood,TX,United States,Silver,Female,5284,73,,,71.5,125,4,297,6,5,397,10,4,309,8,3,140,18,5,437,4,3,118,14,5,484,2,3,119,16,4,282,12,5,392,9,4,357,5,4,282,13,3,108,15,4,317,11,3,116,17,4,340,3,5,360,7,5,429,1
Las Colinas Country Club,Las Colinas Country Club,Irving,TX,United States,Blue,Male,7026,71,74.4,138,,,4,464,7,4,347,11,5,521,13,3,200,9,4,428,3,3,220,17,5,556,15,4,403,1,4,445,5,5,554,14,3,215,12,4,410,10,3,155,18,4,439,8,4,425,2,4,475,4,3,173,16,5,596,6
Las Colinas Country Club,Las Colinas Country Club,Irving,TX,United States,Blue/White,Male,6679,71,72.9,134,,,4,426,7,4,347,11,5,521,13,3,180,9,4,408,3,3,159,17,5,532,15,4,403,1,4,426,5,5,554,14,3,170,12,4,381,10,3,155,18,4,416,8,4,425,2,4,407,4,3,173,16,5,596,6
Las Colinas Country Club,Las Colinas Country Club,Irving,TX,United States,White,Male,6380,71,71.5,132,77.2,140,4,426,7,4,327,11,5,505,13,3,180,9,4,408,3,3,159,17,5,532,15,4,370,1,4,426,5,5,510,14,3,170,12,4,381,10,3,135,18,4,416,8,4,374,2,4,407,4,3,144,16,5,510,6
Las Colinas Country Club,Las Colinas Country Club,Irving,TX,United States,White/Gold,Male,6011,71,69.8,129,75.3,135,4,336,7,4,327,11,5,505,13,3,180,9,4,345,3,3,159,17,5,532,15,4,370,1,4,333,5,5,510,14,3,170,12,4,328,10,3,135,18,4,416,8,4,374,2,4,337,4,3,144,16,5,510,6
Las Colinas Country Club,Las Colinas Country Club,Irving,TX,United States,White/Gold/Red,Male,5807,71,68.9,125,74.2,132,4,336,7,4,327,11,5,460,13,3,140,9,4,335,3,3,159,17,5,422,15,4,370,1,4,333,5,5,495,14,3,155,12,4,381,10,3,135,18,4,416,8,4,374,2,4,337,4,3,144,16,5,488,6
Las Colinas Country Club,Las Colinas Country Club,Irving,TX,United States,Gold,Male,5585,71,67.8,123,72.9,129,4,336,7,4,285,11,5,460,13,3,140,9,4,345,3,3,145,17,5,458,15,4,335,1,4,333,5,5,495,14,3,155,12,4,328,10,3,110,18,4,368,8,4,337,2,4,337,4,3,130,16,5,488,6
Las Colinas Country Club,Las Colinas Country Club,Irving,TX,United States,Gold/Red,Male,5314,71,66.6,118,71.3,127,4,316,7,4,285,11,5,460,13,3,129,9,4,345,3,3,133,17,5,422,15,4,335,1,4,333,5,5,495,14,3,135,12,4,328,10,3,110,18,4,340,8,4,337,2,4,300,4,3,130,16,5,381,6
Las Colinas Country Club,Las Colinas Country Club,Irving,TX,United States,Red,Male,5018,71,65.7,115,70.1,124,4,316,7,4,278,11,5,408,13,3,129,9,4,335,3,3,133,17,5,422,15,4,302,1,4,302,5,5,434,14,3,135,12,4,292,10,3,100,18,4,340,8,4,294,2,4,300,4,3,117,16,5,381,6
Las Colinas Country Club,Las Colinas Country Club,Irving,TX,United States,White,Female,6380,71,,,77.2,140,4,426,5,4,327,3,5,505,7,3,180,11,4,408,9,3,159,17,5,532,13,4,370,1,4,426,15,5,510,14,3,170,12,4,381,10,3,135,16,4,416,8,4,374,2,4,407,4,3,144,18,5,510,6
Las Colinas Country Club,Las Colinas Country Club,Irving,TX,United States,White/Gold,Female,6011,71,,,75.3,135,4,336,5,4,327,3,5,505,7,3,180,11,4,345,9,3,159,17,5,532,13,4,370,1,4,333,15,5,510,14,3,170,12,4,328,10,3,135,16,4,416,8,4,374,2,4,337,4,3,144,18,5,510,6
Las Colinas Country Club,Las Colinas Country Club,Irving,TX,United States,White/Gold/Red,Female,5807,71,,,74.2,132,4,336,5,4,327,3,5,460,7,3,140,11,4,335,9,3,159,17,5,422,13,4,370,1,4,333,15,5,495,14,3,155,12,4,381,10,3,135,16,4,416,8,4,374,2,4,337,4,3,144,18,5,488,6
Las Colinas Country Club,Las Colinas Country Club,Irving,TX,United States,Gold,Female,5585,71,,,72.9,129,4,336,5,4,285,3,5,460,7,3,140,11,4,345,9,3,145,17,5,458,13,4,335,1,4,333,15,5,495,14,3,155,12,4,328,10,3,110,16,4,368,8,4,337,2,4,337,4,3,130,18,5,488,6
Las Colinas Country Club,Las Colinas Country Club,Irving,TX,United States,Gold/Red,Female,5314,71,,,71.3,127,4,316,5,4,285,3,5,460,7,3,129,11,4,345,9,3,133,17,5,422,13,4,335,1,4,333,15,5,495,14,3,135,12,4,328,10,3,110,16,4,340,8,4,337,2,4,300,4,3,130,18,5,381,6
Las Colinas Country Club,Las Colinas Country Club,Irving,TX,United States,Red,Female,5018,71,,,70.1,124,4,316,5,4,278,3,5,408,7,3,129,11,4,335,9,3,133,17,5,422,13,4,302,1,4,302,15,5,434,14,3,135,12,4,292,10,3,100,16,4,340,8,4,294,2,4,300,4,3,117,18,5,381,6
Lions Municipal Golf Course,Lions Municipal Golf Course,Austin,TX,United States,Blue,Male,5756,71,69.8,123,,,4,359,5,5,495,9,4,393,3,3,155,15,4,355,7,4,367,1,3,157,11,5,467,17,4,312,13,4,287,16,4,320,8,5,444,4,3,146,12,5,509,10,3,128,14,4,395,2,3,166,6,4,301,18
Lions Municipal Golf Course,Lions Municipal Golf Course,Austin,TX,United States,White,Male,5389,71,68,118,73.5,125,4,338,5,5,477,9,4,366,3,3,140,15,4,308,7,4,339,1,3,144,11,5,449,17,4,297,13,4,272,16,4,305,8,5,434,4,3,115,12,5,489,10,3,105,14,4,380,2,3,151,6,4,280,18
Lions Municipal Golf Course,Lions Municipal Golf Course,Austin,TX,United States,Red,Male,4666,69,64.9,113,69.3,118,4,330,5,5,383,9,4,310,3,3,125,15,4,294,7,4,260,1,3,131,11,5,349,17,4,268,13,4,257,16,4,238,8,4,413,4,3,100,12,4,387,10,3,70,14,4,365,2,3,126,6,4,260,18
Lions Municipal Golf Course,Lions Municipal Golf Course,Austin,TX,United States,White,Female,5389,71,,,73.5,125,4,338,5,5,477,9,4,366,3,3,140,15,4,308,7,4,339,1,3,144,11,5,449,17,4,297,13,4,272,16,4,305,8,5,434,4,3,115,12,5,489,10,3,105,14,4,380,2,3,151,6,4,280,18
Lions Municipal Golf Course,Lions Municipal Golf Course,Austin,TX,United States,Red,Female,4666,71,,,69.3,118,4,330,5,5,383,9,4,310,3,3,125,15,4,294,7,4,260,1,3,131,11,5,349,17,4,268,13,4,257,16,4,238,8,5,413,4,3,100,12,5,387,10,3,70,14,4,365,2,3,126,6,4,260,18
Lone Star Gc,Lone Star Gc,El Paso,TX,United States,Black,Male,6619,71,70.6,128,,,4,371,9,4,433,1,4,366,17,3,208,5,4,415,7,3,176,15,4,449,3,4,380,13,5,545,11,4,320,12,5,543,2,3,174,18,4,395,4,4,371,14,4,399,8,3,173,16,5,509,6,4,392,10
Lone Star Gc,Lone Star Gc,El Paso,TX,United States,Blue,Male,6355,71,69.4,127,,,4,368,9,4,423,1,4,358,17,3,189,5,4,387,7,3,176,15,4,431,3,4,363,13,5,524,11,4,312,12,5,522,2,3,156,18,4,379,4,4,351,14,4,378,8,3,163,16,5,498,6,4,377,10
Lone Star Gc,Lone Star Gc,El Paso,TX,United States,White,Male,6035,71,67.8,124,,,4,352,9,4,405,1,4,350,17,3,179,5,4,369,7,3,162,15,4,397,3,4,350,13,5,464,11,4,304,12,5,503,2,3,140,18,4,366,4,4,341,14,4,360,8,3,144,16,5,487,6,4,362,10
Lone Star Gc,Lone Star Gc,El Paso,TX,United States,Silver,Male,5481,71,65.4,111,70.7,127,4,340,9,4,330,1,4,251,17,3,169,5,4,313,7,3,156,15,4,371,3,4,337,13,5,426,11,4,295,12,5,495,2,3,124,18,4,336,4,4,331,14,4,303,8,3,150,16,5,407,6,4,347,10
Lone Star Gc,Lone Star Gc,El Paso,TX,United States,Red,Male,4406,71,61.9,105,65.4,111,4,245,9,4,275,1,4,256,17,3,120,5,4,243,7,3,116,15,4,252,3,4,256,13,5,376,11,4,227,12,5,387,2,3,116,18,4,344,4,4,257,14,4,248,8,3,101,16,5,337,6,4,250,10
Lone Star Gc,Lone Star Gc,El Paso,TX,United States,Silver,Female,5481,71,,,70.7,127,4,340,5,4,330,3,4,251,15,3,169,7,4,313,13,3,156,17,4,371,1,4,337,9,5,426,11,4,295,14,5,495,2,3,124,18,4,336,6,4,331,10,4,303,12,3,150,16,5,407,4,4,347,8
Lone Star Gc,Lone Star Gc,El Paso,TX,United States,Red,Female,4406,71,,,65.4,111,4,245,5,4,275,3,4,256,15,3,120,7,4,243,13,3,116,17,4,252,1,4,256,9,5,376,11,4,227,14,5,387,2,3,116,18,4,344,6,4,257,10,4,248,12,3,101,16,5,337,4,4,250,8
Lubbock Country Club,Lubbock Country Club,Lubbock,TX,United States,Black,Male,7174,72,75.5,140,,,5,542,3,3,188,17,4,436,13,4,460,7,3,227,15,5,526,9,4,392,11,4,446,1,4,485,5,4,415,6,5,546,2,3,170,18,5,605,4,4,371,14,4,396,12,4,370,10,3,203,16,4,396,8
Lubbock Country Club,Lubbock Country Club,Lubbock,TX,United States,Black/Gold Combo,Male,6938,72,74.6,138,,,5,542,3,3,188,17,4,436,13,4,404,7,3,197,15,5,526,9,4,392,11,4,424,1,4,430,5,4,415,6,5,543,2,3,170,18,5,528,4,4,371,14,4,396,12,4,370,10,3,210,16,4,396,8
Lubbock Country Club,Lubbock Country Club,Lubbock,TX,United States,Gold,Male,6861,72,74.2,137,,,5,534,3,3,188,17,4,396,13,4,404,7,3,197,15,5,513,9,4,384,11,4,424,1,4,430,5,4,413,6,5,543,2,3,170,18,5,528,4,4,367,14,4,395,12,4,369,10,3,210,16,4,396,8
Lubbock Country Club,Lubbock Country Club,Lubbock,TX,United States,Blue,Male,6537,72,72.6,134,,,5,500,3,3,175,17,4,376,13,4,398,7,3,180,15,5,493,9,4,365,11,4,392,1,4,411,5,4,401,6,5,520,2,3,165,18,5,509,4,4,343,14,4,376,12,4,349,10,3,190,16,4,394,8
Lubbock Country Club,Lubbock Country Club,Lubbock,TX,United States,Blue/White Combo,Male,6294,72,71.5,133,,,5,500,3,3,175,17,4,333,13,4,376,7,3,180,15,5,474,9,4,365,11,4,392,1,4,369,5,4,371,6,5,495,2,3,165,18,5,509,4,4,319,14,4,376,12,4,330,10,3,190,16,4,375,8
Lubbock Country Club,Lubbock Country Club,Lubbock,TX,United States,White,Male,6079,72,70.5,131,76.7,135,5,478,3,3,160,17,4,333,13,4,376,7,3,150,15,5,474,9,4,343,11,4,359,1,4,369,5,4,371,6,5,495,2,3,155,18,5,490,4,4,319,14,4,327,12,4,330,10,3,175,16,4,375,8
Lubbock Country Club,Lubbock Country Club,Lubbock,TX,United States,White/Red Combo,Male,5537,72,67.8,129,73.7,132,5,427,3,3,160,17,4,333,13,4,347,7,3,150,15,5,416,9,4,308,11,4,314,1,4,369,5,4,330,6,5,427,2,3,155,18,5,407,4,4,319,14,4,305,12,4,330,10,3,175,16,4,265,8
Lubbock Country Club,Lubbock Country Club,Lubbock,TX,United States,Red,Male,5293,72,66.6,123,72.3,128,5,427,3,3,135,17,4,305,13,4,347,7,3,125,15,5,416,9,4,308,11,4,314,1,4,312,5,4,330,6,5,427,2,3,145,18,5,407,4,4,295,14,4,305,12,4,310,10,3,120,16,4,265,8
Lubbock Country Club,Lubbock Country Club,Lubbock,TX,United States,White,Female,6100,72,,,76.7,135,5,489,5,3,155,15,4,346,13,4,353,1,3,150,17,5,461,9,4,347,11,4,387,3,4,377,7,4,372,6,5,498,2,3,155,10,5,502,4,4,328,14,4,342,12,4,332,8,3,150,18,4,356,16
Lubbock Country Club,Lubbock Country Club,Lubbock,TX,United States,White/Red Combo,Female,5539,72,,,73.7,132,5,427,5,3,155,15,4,346,13,4,347,1,3,150,17,5,416,9,4,308,11,4,314,3,4,377,7,4,330,6,5,427,2,3,155,10,5,407,4,4,328,14,4,305,12,4,332,8,3,150,18,4,265,16
Lubbock Country Club,Lubbock Country Club,Lubbock,TX,United States,Red,Female,5293,72,,,72.3,128,5,427,5,3,135,15,4,305,13,4,347,1,3,125,17,5,416,9,4,308,11,4,314,3,4,312,7,4,330,6,5,427,2,3,145,10,5,407,4,4,295,14,4,305,12,4,310,8,3,120,18,4,265,16
Memorial Park Golf Course,Memorial Park Golf Course,Houston,TX,United States,Blue,Male,7292,72,74.2,128,,,5,522,15,3,167,13,5,587,5,4,490,1,4,393,11,4,443,9,3,216,7,5,625,3,3,182,17,4,456,8,3,237,10,4,496,2,4,333,14,5,529,18,3,155,16,5,576,4,4,382,12,4,503,6
Memorial Park Golf Course,Memorial Park Golf Course,Houston,TX,United States,White,Male,6554,72,71.1,121,76.6,127,5,512,15,3,147,13,5,566,5,4,457,1,4,376,11,4,380,9,3,182,7,5,554,3,3,143,17,4,437,8,3,223,10,4,422,2,4,298,14,5,480,18,3,130,16,5,501,4,4,336,12,4,410,6
Memorial Park Golf Course,Memorial Park Golf Course,Houston,TX,United States,Gold,Male,5906,72,68,115,72.9,120,5,491,15,3,136,13,5,469,5,4,400,1,4,355,11,4,313,9,3,151,7,5,495,3,3,130,17,4,374,8,3,196,10,4,397,2,4,288,14,5,446,18,3,115,16,5,489,4,4,315,12,4,346,6
Memorial Park Golf Course,Memorial Park Golf Course,Houston,TX,United States,Red,Male,5399,72,65.7,102,70.6,117,5,424,15,3,136,13,5,469,5,4,364,1,4,321,11,4,313,9,3,151,7,5,450,3,3,130,17,4,343,8,3,159,10,4,371,2,4,260,14,5,378,18,3,105,16,5,415,4,4,264,12,4,346,6
Memorial Park Golf Course,Memorial Park Golf Course,Houston,TX,United States,Pink,Male,4827,72,63.1,98,67.3,111,5,424,15,3,120,13,5,428,5,4,364,1,4,260,11,4,240,9,3,122,7,5,450,3,3,107,17,4,287,8,3,123,10,4,317,2,4,224,14,5,378,18,3,87,16,5,374,4,4,264,12,4,258,6
Memorial Park Golf Course,Memorial Park Golf Course,Houston,TX,United States,White,Female,6554,72,,,76.6,127,5,512,15,3,147,13,5,566,5,4,457,1,4,376,11,4,380,9,3,182,7,5,554,3,3,143,17,4,437,8,3,223,10,4,422,2,4,298,14,5,480,18,3,130,16,5,501,4,4,336,12,4,410,6
Memorial Park Golf Course,Memorial Park Golf Course,Houston,TX,United States,Gold,Female,5906,72,,,72.9,120,5,491,15,3,136,13,5,469,5,4,400,1,4,355,11,4,313,9,3,151,7,5,495,3,3,130,17,4,374,8,3,196,10,4,397,2,4,288,14,5,446,18,3,115,16,5,489,4,4,315,12,4,346,6
Memorial Park Golf Course,Memorial Park Golf Course,Houston,TX,United States,Red,Female,5380,72,,,70.6,117,5,424,15,3,136,13,5,450,5,4,364,1,4,321,11,4,313,9,3,151,7,5,450,3,3,130,17,4,343,8,3,159,10,4,371,2,4,260,14,5,378,18,3,105,16,5,415,4,4,264,12,4,346,6
Memorial Park Golf Course,Memorial Park Golf Course,Houston,TX,United States,Pink,Female,4827,72,,,67.3,111,5,424,15,3,120,13,5,428,5,4,364,1,4,260,11,4,240,9,3,122,7,5,450,3,3,107,17,4,287,8,3,123,10,4,317,2,4,224,14,5,378,18,3,87,16,5,374,4,4,264,12,4,258,6
Olmos Basin Golf Course,Alamo City Golf Trail,San Antonio,TX,United States,Black,Male,7038,72,73.9,135,80.3,144,4,442,7,4,429,3,3,239,9,4,402,1,5,527,11,3,170,17,4,388,5,4,382,13,5,534,15,4,449,4,4,376,12,3,197,10,4,405,8,4,324,18,4,455,2,4,373,14,4,421,6,5,525,16
Olmos Basin Golf Course,Alamo City Golf Trail,San Antonio,TX,United States,Blue,Male,6502,72,71.5,132,77.4,140,4,392,7,4,405,3,3,203,9,4,380,1,5,508,11,3,149,17,4,363,5,4,361,13,5,511,15,4,397,4,4,337,12,3,176,10,4,373,8,4,290,18,4,411,2,4,350,14,4,399,6,5,497,16
Olmos Basin Golf Course,Alamo City Golf Trail,San Antonio,TX,United States,White,Male,5996,72,69.4,125,74.6,134,4,372,7,4,381,3,3,181,9,4,316,1,5,478,11,3,136,17,4,344,5,4,343,13,5,487,15,4,358,4,4,304,12,3,152,10,4,342,8,4,261,18,4,374,2,4,329,14,4,365,6,5,473,16
Olmos Basin Golf Course,Alamo City Golf Trail,San Antonio,TX,United States,Gold,Male,5508,72,67.5,119,71.8,125,4,345,7,4,317,3,3,158,9,4,292,1,5,455,11,3,119,17,4,320,5,4,323,13,5,463,15,4,330,4,4,296,12,3,134,10,4,311,8,4,230,18,4,335,2,4,301,14,4,337,6,5,442,16
Olmos Basin Golf Course,Alamo City Golf Trail,San Antonio,TX,United States,Red,Male,4938,72,64.9,113,69.1,120,4,307,7,4,289,3,3,128,9,4,262,1,5,415,11,3,104,17,4,282,5,4,288,13,5,409,15,4,306,4,4,273,12,3,120,10,4,280,8,4,200,18,4,272,2,4,272,14,4,313,6,5,418,16
Olmos Basin Golf Course,Alamo City Golf Trail,San Antonio,TX,United States,Black,Female,7038,72,,,80.3,144,4,442,3,4,429,7,3,239,13,4,402,15,5,527,1,3,170,17,4,388,11,4,382,5,5,534,9,4,449,6,4,376,14,3,197,10,4,405,2,4,324,18,4,455,16,4,373,8,4,421,4,5,525,12
Olmos Basin Golf Course,Alamo City Golf Trail,San Antonio,TX,United States,Blue,Female,6502,72,,,77.4,140,4,392,3,4,405,7,3,203,13,4,380,15,5,508,1,3,149,17,4,363,11,4,361,5,5,511,9,4,397,6,4,337,14,3,176,10,4,373,2,4,290,18,4,411,16,4,350,8,4,399,4,5,497,12
Olmos Basin Golf Course,Alamo City Golf Trail,San Antonio,TX,United States,White,Female,5996,72,,,74.6,134,4,372,3,4,381,7,3,181,13,4,316,15,5,478,1,3,136,17,4,344,11,4,343,5,5,487,9,4,358,6,4,304,14,3,152,10,4,342,2,4,261,18,4,374,16,4,329,8,4,365,4,5,473,12
Olmos Basin Golf Course,Alamo City Golf Trail,San Antonio,TX,United States,Gold,Female,5508,72,,,71.8,125,4,345,3,4,317,7,3,158,13,4,292,15,5,455,1,3,119,17,4,320,11,4,323,5,5,463,9,4,330,6,4,296,14,3,134,10,4,311,2,4,230,18,4,335,16,4,301,8,4,337,4,5,442,12
Olmos Basin Golf Course,Alamo City Golf Trail,San Antonio,TX,United States,Red,Female,4938,72,,,69.1,120,4,307,3,4,289,7,3,128,13,4,262,15,5,415,1,3,104,17,4,282,11,4,288,5,5,409,9,4,306,6,4,273,14,3,120,10,4,280,2,4,200,18,4,272,16,4,272,8,4,313,4,5,418,12
Green/Gold,Pine Forest Country Club,Houston,TX,United States,Blue,Male,6929,72,73.5,138,,,5,509,3,4,393,7,4,452,9,5,571,1,3,205,15,4,435,13,3,168,17,4,380,11,4,385,5,5,556,6,3,193,16,4,408,2,4,390,14,5,505,4,4,367,10,3,210,18,4,402,12,4,400,8
Green/Gold,Pine Forest Country Club,Houston,TX,United States,Blue/White Combo,Male,6672,72,72.3,135,,,5,509,3,4,393,7,4,432,9,5,571,1,3,181,15,4,410,13,3,168,17,4,380,11,4,373,5,5,484,6,3,173,16,4,408,2,4,390,14,5,505,4,4,367,10,3,167,18,4,379,12,4,382,8
Green/Gold,Pine Forest Country Club,Houston,TX,United States,White,Male,6459,72,71.1,133,,,5,495,3,4,370,7,4,432,9,5,536,1,3,181,15,4,410,13,3,154,17,4,370,11,4,373,5,5,484,6,3,173,16,4,386,2,4,340,14,5,482,4,4,345,10,3,167,18,4,379,12,4,382,8
Green/Gold,Pine Forest Country Club,Houston,TX,United States,White/Gold Combo,Male,6126,72,69.4,126,,,5,495,3,4,370,7,4,360,9,5,536,1,3,144,15,4,351,13,3,154,17,4,370,11,4,364,5,5,440,6,3,153,16,4,386,2,4,340,14,5,482,4,4,345,10,3,147,18,4,349,12,4,340,8
Green/Gold,Pine Forest Country Club,Houston,TX,United States,Gold,Male,5879,72,68.2,123,74.3,126,5,467,3,4,345,7,4,360,9,5,512,1,3,144,15,4,351,13,3,131,17,4,342,11,4,364,5,5,440,6,3,153,16,4,357,2,4,296,14,5,446,4,4,335,10,3,147,18,4,349,12,4,340,8
Green/Gold,Pine Forest Country Club,Houston,TX,United States,Silver,Male,5432,72,66,115,71.8,120,5,445,3,4,332,7,4,322,9,5,455,1,3,114,15,4,298,13,3,112,17,4,310,11,4,356,5,5,407,6,3,130,16,4,335,2,4,294,14,5,441,4,4,323,10,3,135,18,4,337,12,4,286,8
Green/Gold,Pine Forest Country Club,Houston,TX,United States,Gold,Female,5879,72,,,74.3,126,5,467,5,4,345,15,4,360,7,5,512,3,3,144,13,4,351,1,3,131,17,4,342,11,4,364,9,5,440,6,3,153,18,4,357,2,4,296,14,5,446,10,4,335,12,3,147,16,4,349,4,4,340,8
Green/Gold,Pine Forest Country Club,Houston,TX,United States,Silver,Female,5432,72,,,71.8,120,5,445,5,4,332,15,4,322,7,5,455,3,3,114,13,4,298,1,3,112,17,4,310,11,4,356,9,5,407,6,3,130,18,4,335,2,4,294,14,5,441,10,4,323,12,3,135,16,4,337,4,4,286,8
Green/Gold,Pine Forest Country Club,Houston,TX,United States,Green,Female,4909,72,,,68.2,117,5,415,5,4,280,15,4,295,7,5,422,3,3,103,13,4,298,1,3,102,17,4,285,11,4,307,9,5,324,6,3,108,18,4,295,2,4,260,14,5,430,10,4,260,12,3,135,16,4,309,4,4,281,8
White/Green,Pine Forest Country Club,Houston,TX,United States,Blue,Male,6970,72,73.8,137,,,5,553,6,4,358,4,4,436,12,3,187,18,4,377,14,5,537,2,3,169,16,4,429,10,4,426,8,5,509,3,4,393,7,4,452,9,5,571,1,3,205,15,4,435,13,3,168,17,4,380,11,4,385,5
White/Green,Pine Forest Country Club,Houston,TX,United States,Blue/White,Male,6705,72,72.4,134,,,5,500,6,4,358,4,4,402,12,3,187,18,4,377,14,5,512,2,3,169,16,4,380,10,4,403,8,5,509,3,4,393,7,4,432,9,5,571,1,3,181,15,4,410,13,3,168,17,4,380,11,4,373,5
White/Green,Pine Forest Country Club,Houston,TX,United States,White,Male,6554,72,71.7,132,,,5,500,6,4,348,4,4,402,12,3,172,18,4,355,14,5,512,2,3,161,16,4,380,10,4,403,8,5,495,3,4,370,7,4,432,9,5,536,1,3,181,15,4,410,13,3,154,17,4,370,11,4,373,5
White/Green,Pine Forest Country Club,Houston,TX,United States,White/Gold Combo,Male,6166,72,69.6,129,,,5,487,6,4,348,4,4,358,12,3,172,18,4,355,14,5,440,2,3,161,16,4,359,10,4,342,8,5,495,3,4,370,7,4,360,9,5,536,1,3,144,15,4,351,13,3,154,17,4,370,11,4,364,5
White/Green,Pine Forest Country Club,Houston,TX,United States,Gold,Male,5917,72,68.8,125,74.2,129,5,487,6,4,330,4,4,358,12,3,136,18,4,319,14,5,440,2,3,130,16,4,359,10,4,342,8,5,467,3,4,345,7,4,360,9,5,512,1,3,144,15,4,351,13,3,131,17,4,342,11,4,364,5
White/Green,Pine Forest Country Club,Houston,TX,United States,Silver,Male,5388,72,65.9,120,71.3,123,5,464,6,4,315,4,4,315,12,3,128,18,4,306,14,5,388,2,3,116,16,4,309,10,4,303,8,5,445,3,4,332,7,4,322,9,5,455,1,3,114,15,4,298,13,3,112,17,4,310,11,4,356,5
White/Green,Pine Forest Country Club,Houston,TX,United States,Gold,Female,5917,72,,,74.2,129,5,487,4,4,330,8,4,358,10,3,136,18,4,319,12,5,440,2,3,130,16,4,359,14,4,342,6,5,467,5,4,345,15,4,360,7,5,512,3,3,144,13,4,351,1,3,131,17,4,342,11,4,364,9
White/Green,Pine Forest Country Club,Houston,TX,United States,Silver,Female,5396,72,,,71.3,123,5,472,4,4,315,8,4,315,10,3,128,18,4,306,12,5,388,2,3,116,16,4,309,14,4,303,6,5,445,5,4,332,15,4,322,7,5,455,3,3,114,13,4,298,1,3,112,17,4,310,11,4,356,9
White/Green,Pine Forest Country Club,Houston,TX,United States,Green,Female,4936,72,,,68.4,121,5,362,4,4,287,8,4,278,10,3,116,18,4,289,12,5,388,2,3,116,16,4,290,14,4,303,6,5,415,5,4,280,15,4,295,7,5,422,3,3,103,13,4,298,1,3,102,17,4,285,11,4,307,9
Gold/White,Pine Forest Country Club,Houston,TX,United States,Blue,Male,6903,72,73.5,138,,,5,556,6,3,193,16,4,408,2,4,390,14,5,505,4,4,367,10,3,210,18,4,402,12,4,400,8,5,553,5,4,358,3,4,436,11,3,187,17,4,377,13,5,537,1,3,169,15,4,429,9,4,426,7
Gold/White,Pine Forest Country Club,Houston,TX,United States,Blue/White Combo,Male,6551,72,71.7,133,,,5,484,6,3,173,16,4,408,2,4,390,14,5,505,4,4,367,10,3,175,18,4,379,12,4,382,8,5,500,5,4,358,3,4,402,11,3,187,17,4,377,13,5,512,1,3,169,15,4,380,9,4,403,7
Gold/White,Pine Forest Country Club,Houston,TX,United States,White,Male,6379,72,70.8,130,,,5,484,6,3,173,16,4,386,2,4,340,14,5,482,4,4,345,10,3,175,18,4,379,12,4,382,8,5,500,5,4,348,3,4,402,11,3,172,17,4,355,13,5,512,1,3,161,15,4,380,9,4,403,7
Gold/White,Pine Forest Country Club,Houston,TX,United States,White/Gold Combo,Male,6004,72,69.1,126,,,5,440,6,3,153,16,4,386,2,4,340,14,5,482,4,4,345,10,3,147,18,4,349,12,4,340,8,5,487,5,4,348,3,4,358,11,3,172,17,4,355,13,5,440,1,3,161,15,4,359,9,4,342,7
Gold/White,Pine Forest Country Club,Houston,TX,United States,Gold,Male,5764,72,68,122,73.7,129,5,440,6,3,153,16,4,357,2,4,296,14,5,446,4,4,335,10,3,147,18,4,349,12,4,340,8,5,487,5,4,330,3,4,358,11,3,136,17,4,319,13,5,440,1,3,130,15,4,359,9,4,342,7
Gold/White,Pine Forest Country Club,Houston,TX,United States,Silver,Male,5332,72,65.8,113,71.3,123,5,407,6,3,130,16,4,335,2,4,294,14,5,441,4,4,323,10,3,135,18,4,337,12,4,286,8,5,464,5,4,315,3,4,315,11,3,128,17,4,306,13,5,388,1,3,116,15,4,309,9,4,303,7
Gold/White,Pine Forest Country Club,Houston,TX,United States,Gold,Female,5764,72,,,73.7,129,5,440,5,3,153,17,4,357,1,4,296,13,5,446,9,4,335,11,3,147,15,4,349,3,4,340,7,5,487,4,4,330,8,4,358,10,3,136,18,4,319,12,5,440,2,3,130,16,4,359,14,4,342,6
Gold/White,Pine Forest Country Club,Houston,TX,United States,Silver,Female,5340,72,,,71.3,123,5,407,5,3,130,17,4,335,1,4,294,13,5,441,9,4,323,11,3,135,15,4,337,3,4,286,7,5,472,4,4,315,8,4,315,10,3,128,18,4,306,12,5,388,2,3,116,16,4,309,14,4,303,6
Gold/White,Pine Forest Country Club,Houston,TX,United States,Green,Female,4831,72,,,67.8,118,5,324,5,3,108,17,4,295,1,4,260,13,5,430,9,4,260,11,3,135,15,4,309,3,4,281,7,5,362,4,4,287,8,4,278,10,3,116,18,4,289,12,5,388,2,3,116,16,4,290,14,4,303,6
Pecan Plantation Country Club,Pecan Plantation Country Club,Granbury,TX,United States,Gold,Male,6689,72,72.5,132,78.8,141,4,394,7,5,511,15,4,383,5,4,408,1,3,167,11,5,515,13,4,394,3,3,180,9,4,399,17,4,374,6,3,179,14,5,501,18,4,385,2,3,184,16,4,362,10,4,400,12,5,533,8,4,420,4
Pecan Plantation Country Club,Pecan Plantation Country Club,Granbury,TX,United States,Black,Male,6432,72,71.5,129,77.3,139,4,387,7,5,498,15,4,373,5,4,397,1,3,156,11,5,495,13,4,386,3,3,167,9,4,389,17,4,334,6,3,166,14,5,490,18,4,373,2,3,166,16,4,350,10,4,381,12,5,519,8,4,405,4
Pecan Plantation Country Club,Pecan Plantation Country Club,Granbury,TX,United States,Blue,Male,5882,72,69,123,74.3,131,4,349,7,5,440,15,4,366,5,4,370,1,3,138,11,5,453,13,4,360,3,3,154,9,4,275,17,4,307,6,3,142,14,5,470,18,4,361,2,3,136,16,4,334,10,4,361,12,5,500,8,4,366,4
Pecan Plantation Country Club,Pecan Plantation Country Club,Granbury,TX,United States,Silver,Male,5238,72,66,117,70.7,124,4,326,7,5,406,15,4,349,5,4,316,1,3,96,11,5,423,13,4,308,3,3,139,9,4,237,17,4,261,6,3,127,14,5,403,18,4,330,2,3,102,16,4,300,10,4,325,12,5,454,8,4,336,4
Pecan Plantation Country Club,Pecan Plantation Country Club,Granbury,TX,United States,Green,Male,4537,72,63.1,112,66.8,118,4,266,7,5,376,15,4,300,5,4,296,1,3,86,11,5,393,13,4,287,3,3,88,9,4,231,17,4,218,6,3,90,14,5,369,18,4,280,2,3,91,16,4,262,10,4,277,12,5,334,8,4,293,4
Pecan Plantation Country Club,Pecan Plantation Country Club,Granbury,TX,United States,Gold,Female,6689,72,,,78.8,141,4,394,3,5,511,11,4,383,7,4,408,1,3,167,15,5,515,9,4,394,5,3,180,17,4,399,13,4,374,4,3,179,18,5,501,12,4,385,6,3,184,16,4,362,14,4,400,10,5,533,2,4,420,8
Pecan Plantation Country Club,Pecan Plantation Country Club,Granbury,TX,United States,Black,Female,6432,72,,,77.3,139,4,387,3,5,498,11,4,373,7,4,397,1,3,156,15,5,495,9,4,386,5,3,167,17,4,389,13,4,334,4,3,166,18,5,490,12,4,373,6,3,166,16,4,350,14,4,381,10,5,519,2,4,405,8
Pecan Plantation Country Club,Pecan Plantation Country Club,Granbury,TX,United States,Blue,Female,5882,72,,,74.3,131,4,349,3,5,440,11,4,366,7,4,370,1,3,138,15,5,453,9,4,360,5,3,154,17,4,275,13,4,307,4,3,142,18,5,470,12,4,361,6,3,136,16,4,334,14,4,361,10,5,500,2,4,366,8
Pecan Plantation Country Club,Pecan Plantation Country Club,Granbury,TX,United States,Silver,Female,5238,72,,,70.7,124,4,326,3,5,406,11,4,349,7,4,316,1,3,96,15,5,423,9,4,308,5,3,139,17,4,237,13,4,261,4,3,127,18,5,403,12,4,330,6,3,102,16,4,300,14,4,325,10,5,454,2,4,336,8
Pecan Plantation Country Club,Pecan Plantation Country Club,Granbury,TX,United States,Green,Female,4537,72,,,66.8,118,4,266,3,5,376,11,4,300,7,4,296,1,3,86,15,5,393,9,4,287,5,3,88,17,4,231,13,4,218,4,3,90,18,5,369,12,4,280,6,3,91,16,4,262,14,4,277,10,5,334,2,4,293,8
Heritage Ranch Golf & Country Club,Heritage Ranch Golf & Country Club,Fairview,TX,United States,Blue,Male,6988,72,73.6,133,80.2,138,4,388,15,4,406,7,5,524,1,3,210,13,4,443,11,3,173,17,4,388,3,5,571,5,4,403,9,4,385,14,5,535,2,3,182,18,4,448,6,4,388,12,4,356,16,3,208,8,5,547,4,4,433,10
Heritage Ranch Golf & Country Club,Heritage Ranch Golf & Country Club,Fairview,TX,United States,Blue Par 71,Male,6733,71,72.4,130,,,4,388,15,4,406,7,5,524,1,3,210,13,4,443,11,3,173,17,3,133,3,5,571,5,4,403,9,4,385,14,5,535,2,3,182,18,4,448,6,4,388,12,4,356,16,3,208,8,5,547,4,4,433,10
Heritage Ranch Golf & Country Club,Heritage Ranch Golf & Country Club,Fairview,TX,United States,Blue/White Combo,Male,6719,72,72.4,131,,,4,388,15,4,406,7,5,501,1,3,192,13,4,396,11,3,173,17,4,388,3,5,534,5,4,403,9,4,385,14,5,506,2,3,182,18,4,422,6,4,388,12,4,356,16,3,182,8,5,519,4,4,398,10
Heritage Ranch Golf & Country Club,Heritage Ranch Golf & Country Club,Fairview,TX,United States,White,Male,6472,72,71,130,77.4,132,4,353,15,4,383,7,5,501,1,3,192,13,4,396,11,3,156,17,4,337,3,5,534,5,4,386,9,4,358,14,5,506,2,3,160,18,4,422,6,4,362,12,4,327,16,3,182,8,5,519,4,4,398,10
Heritage Ranch Golf & Country Club,Heritage Ranch Golf & Country Club,Fairview,TX,United States,White Par 71,Male,6268,71,70,128,,,4,353,15,4,383,7,5,501,1,3,192,13,4,396,11,3,156,17,3,133,3,5,534,5,4,386,9,4,358,14,5,506,2,3,160,18,4,422,6,4,362,12,4,327,16,3,182,8,5,519,4,4,398,10
Heritage Ranch Golf & Country Club,Heritage Ranch Golf & Country Club,Fairview,TX,United States,Combo,Male,6228,72,69.8,126,76,129,4,353,15,4,383,7,5,485,1,3,160,13,4,396,11,3,140,17,4,337,3,5,534,5,4,322,9,4,358,14,5,506,2,3,135,18,4,400,6,4,362,12,4,327,16,3,165,8,5,499,4,4,366,10
Heritage Ranch Golf & Country Club,Heritage Ranch Golf & Country Club,Fairview,TX,United States,Bronze,Male,6051,72,69,124,75.1,127,4,343,15,4,359,7,5,485,1,3,160,13,4,385,11,3,140,17,4,322,3,5,505,5,4,322,9,4,329,14,5,476,2,3,135,18,4,400,6,4,340,12,4,320,16,3,165,8,5,499,4,4,366,10
Heritage Ranch Golf & Country Club,Heritage Ranch Golf & Country Club,Fairview,TX,United States,Bronze Par 71,Male,5862,71,68.1,122,,,4,343,15,4,359,7,5,485,1,3,160,13,4,385,11,3,140,17,3,133,3,5,505,5,4,322,9,4,329,14,5,476,2,3,135,18,4,400,6,4,340,12,4,320,16,3,165,8,5,499,4,4,366,10
Heritage Ranch Golf & Country Club,Heritage Ranch Golf & Country Club,Fairview,TX,United States,MGA Tee,Male,5805,72,67.9,121,74,126,4,343,15,4,325,7,5,468,1,3,160,13,4,364,11,3,140,17,4,305,3,5,475,5,4,322,9,4,329,14,5,446,2,3,135,18,4,364,6,4,340,12,4,320,16,3,165,8,5,458,4,4,346,10
Heritage Ranch Golf & Country Club,Heritage Ranch Golf & Country Club,Fairview,TX,United States,Gold,Male,5686,72,67.4,120,73.1,128,4,320,15,4,325,7,5,468,1,3,158,13,4,364,11,3,131,17,4,305,3,5,475,5,4,319,9,4,305,14,5,446,2,3,121,18,4,364,6,4,312,12,4,304,16,3,165,8,5,458,4,4,346,10
Heritage Ranch Golf & Country Club,Heritage Ranch Golf & Country Club,Fairview,TX,United States,MGA Tee Par 71,Male,5633,71,67.1,120,,,4,343,15,4,325,7,5,468,1,3,160,13,4,364,11,3,140,17,3,133,3,5,475,5,4,322,9,4,329,14,5,446,2,3,135,18,4,364,6,4,340,12,4,320,16,3,165,8,5,458,4,4,346,10
Heritage Ranch Golf & Country Club,Heritage Ranch Golf & Country Club,Fairview,TX,United States,Gold Par 71,Male,5514,71,66.5,118,71.4,120,4,320,15,4,325,7,5,468,1,3,158,13,4,364,11,3,131,17,3,133,3,5,475,5,4,319,9,4,305,14,5,446,2,3,121,18,4,364,6,4,312,12,4,304,16,3,165,8,5,458,4,4,346,10
Heritage Ranch Golf & Country Club,Heritage Ranch Golf & Country Club,Fairview,TX,United States,Red,Male,4946,72,64.2,110,68.5,122,4,264,15,4,303,7,5,421,1,3,139,13,4,298,11,3,111,17,4,256,3,5,429,5,4,306,9,4,270,14,5,401,2,3,104,18,4,322,6,4,279,12,4,273,16,3,102,8,5,385,4,4,283,10
Heritage Ranch Golf & Country Club,Heritage Ranch Golf & Country Club,Fairview,TX,United States,Red/Green Combo,Male,4505,72,62.5,106,65.4,110,4,264,15,4,303,7,5,291,1,3,139,13,4,298,11,3,111,17,4,256,3,5,350,5,4,208,9,4,270,14,5,315,2,3,104,18,4,322,6,4,279,12,4,273,16,3,102,8,5,385,4,4,235,10
Heritage Ranch Golf & Country Club,Heritage Ranch Golf & Country Club,Fairview,TX,United States,Green,Male,4000,72,61.1,104,63.3,105,4,260,15,4,225,7,5,291,1,3,139,13,4,220,11,3,111,17,4,202,3,5,350,5,4,208,9,4,268,14,5,315,2,3,104,18,4,252,6,4,212,12,4,231,16,3,102,8,5,275,4,4,235,10
Heritage Ranch Golf & Country Club,Heritage Ranch Golf & Country Club,Fairview,TX,United States,Blue,Female,6988,72,,,80.2,138,4,388,15,4,406,7,5,524,1,3,210,11,4,443,13,3,173,17,4,388,3,5,571,5,4,403,9,4,385,10,5,535,2,3,182,18,4,448,8,4,388,12,4,356,16,3,208,14,5,547,4,4,433,6
Heritage Ranch Golf & Country Club,Heritage Ranch Golf & Country Club,Fairview,TX,United States,White,Female,6472,72,,,77.4,132,4,353,15,4,383,7,5,501,1,3,192,11,4,396,13,3,156,17,4,337,3,5,534,5,4,386,9,4,358,10,5,506,2,3,160,18,4,422,8,4,362,12,4,327,16,3,182,14,5,519,4,4,398,6
Heritage Ranch Golf & Country Club,Heritage Ranch Golf & Country Club,Fairview,TX,United States,Combo,Female,6228,72,,,76,129,4,353,15,4,383,7,5,485,1,3,160,11,4,396,13,3,140,17,4,337,3,5,534,5,4,322,9,4,358,10,5,506,2,3,135,18,4,400,8,4,362,12,4,327,16,3,165,14,5,499,4,4,366,6
Heritage Ranch Golf & Country Club,Heritage Ranch Golf & Country Club,Fairview,TX,United States,Bronze,Female,6051,72,,,75.1,127,4,343,15,4,359,7,5,485,1,3,160,11,4,385,13,3,140,17,4,322,3,5,505,5,4,322,9,4,329,10,5,476,2,3,135,18,4,400,8,4,340,12,4,320,16,3,165,14,5,499,4,4,366,6
Heritage Ranch Golf & Country Club,Heritage Ranch Golf & Country Club,Fairview,TX,United States,MGA Tee,Female,5888,72,,,74,126,4,343,15,4,325,7,5,468,1,3,160,11,4,364,13,3,140,17,4,388,3,5,475,5,4,322,9,4,329,10,5,446,2,3,135,18,4,364,8,4,340,12,4,320,16,3,165,14,5,458,4,4,346,6
Heritage Ranch Golf & Country Club,Heritage Ranch Golf & Country Club,Fairview,TX,United States,Gold,Female,5686,72,,,73.1,128,4,320,15,4,325,7,5,468,1,3,158,11,4,364,13,3,131,17,4,305,3,5,475,5,4,319,9,4,305,10,5,446,2,3,121,18,4,364,8,4,312,12,4,304,16,3,165,14,5,458,4,4,346,6
Heritage Ranch Golf & Country Club,Heritage Ranch Golf & Country Club,Fairview,TX,United States,Gold Par 71,Female,5514,71,,,71.4,120,4,320,15,4,325,7,5,468,1,3,158,11,4,364,13,3,131,17,3,133,3,5,475,5,4,319,9,4,305,10,5,446,2,3,121,18,4,364,8,4,312,12,4,304,16,3,165,14,5,458,4,4,346,6
Heritage Ranch Golf & Country Club,Heritage Ranch Golf & Country Club,Fairview,TX,United States,Red,Female,4946,72,,,68.5,122,4,264,15,4,303,7,5,421,1,3,139,11,4,298,13,3,111,17,4,256,3,5,429,5,4,306,9,4,270,10,5,401,2,3,104,18,4,322,8,4,279,12,4,273,16,3,102,14,5,385,4,4,283,6
Heritage Ranch Golf & Country Club,Heritage Ranch Golf & Country Club,Fairview,TX,United States,Red Par 71,Female,4797,71,,,67.2,112,4,264,15,4,303,7,5,421,1,3,139,11,4,298,13,3,111,17,3,107,3,5,429,5,4,306,9,4,270,10,5,401,2,3,104,18,4,322,8,4,279,12,4,273,16,3,102,14,5,385,4,4,283,6
Heritage Ranch Golf & Country Club,Heritage Ranch Golf & Country Club,Fairview,TX,United States,Red/Green Combo,Female,4505,72,,,65.4,110,4,264,15,4,303,7,5,291,1,3,139,11,4,298,13,3,111,17,4,256,3,5,350,5,4,208,9,4,270,10,5,315,2,3,104,18,4,322,8,4,279,12,4,273,16,3,102,14,5,385,4,4,235,6
Heritage Ranch Golf & Country Club,Heritage Ranch Golf & Country Club,Fairview,TX,United States,Green,Female,4000,72,,,63.3,105,4,260,15,4,225,7,5,291,1,3,139,11,4,220,13,3,111,17,4,202,3,5,350,5,4,208,9,4,268,10,5,315,2,3,104,18,4,252,8,4,212,12,4,231,16,3,102,14,5,275,4,4,235,6
Heritage Ranch Golf & Country Club,Heritage Ranch Golf & Country Club,Fairview,TX,United States,Green Par 71,Female,3905,71,,,62.2,102,4,260,15,4,225,7,5,291,1,3,139,11,4,220,13,3,111,17,3,107,3,5,350,5,4,208,9,4,268,10,5,315,2,3,104,18,4,252,8,4,212,12,4,231,16,3,102,14,5,275,4,4,235,6
El Diablo,Rancho Viejo Resort & Country Club,Rancho Viejo,TX,United States,Gold,Male,6855,72,74,131,,,4,362,7,4,444,1,3,192,17,4,401,9,5,546,13,5,405,5,3,218,11,4,363,15,4,423,3,4,397,8,4,429,6,4,440,2,3,201,16,5,533,18,3,203,12,4,368,10,5,530,14,4,400,4
El Diablo,Rancho Viejo Resort & Country Club,Rancho Viejo,TX,United States,Blue,Male,6396,72,71.9,129,,,4,360,7,4,421,1,3,169,17,4,368,9,5,517,13,5,368,5,3,205,11,4,334,15,4,386,3,4,367,8,4,385,6,4,413,2,3,175,16,5,509,18,3,189,12,4,342,10,5,513,14,4,375,4
El Diablo,Rancho Viejo Resort & Country Club,Rancho Viejo,TX,United States,White,Male,5996,72,69.9,120,75.8,135,4,337,7,4,404,1,3,143,17,4,357,9,5,501,13,5,339,5,3,156,11,4,317,15,4,374,3,4,341,8,4,374,6,4,393,2,3,162,16,5,500,18,3,168,12,4,324,10,5,491,14,4,315,4
El Diablo,Rancho Viejo Resort & Country Club,Rancho Viejo,TX,United States,White,Female,5996,72,,,75.8,135,4,337,3,4,404,15,3,143,17,4,357,7,5,501,9,5,339,5,3,156,13,4,317,11,4,374,1,4,341,6,4,374,18,4,393,16,3,162,14,5,500,2,3,168,12,4,324,8,5,491,4,4,315,10
El Diablo,Rancho Viejo Resort & Country Club,Rancho Viejo,TX,United States,Red,Female,5610,74,,,73.7,130,4,332,3,5,401,15,3,129,17,4,335,7,5,459,9,4,332,5,3,151,13,4,306,11,4,334,1,4,298,6,5,352,18,5,384,16,3,145,14,5,466,2,3,157,12,4,303,8,5,456,4,4,270,10
The Rawls Course At Texas Tech,The Rawls Course At Texas Tech,Lubbock,TX,United States,Black,Male,7307,72,74.2,138,81.3,148,4,368,10,5,521,18,3,160,16,4,380,6,4,460,4,3,182,8,4,355,14,4,479,2,5,539,12,3,195,9,4,369,13,4,416,7,4,462,15,4,506,1,4,468,3,3,239,5,5,630,17,5,578,11
The Rawls Course At Texas Tech,The Rawls Course At Texas Tech,Lubbock,TX,United States,Red,Male,6825,72,72.1,132,78.6,142,4,354,10,5,496,18,3,160,16,4,361,6,4,415,4,3,162,8,4,335,14,4,437,2,5,507,12,3,189,9,4,352,13,4,378,7,4,398,15,4,482,1,4,442,3,3,209,5,5,594,17,5,554,11
The Rawls Course At Texas Tech,The Rawls Course At Texas Tech,Lubbock,TX,United States,White,Male,6270,72,69.3,128,75.5,136,4,324,10,5,479,18,3,141,16,4,334,6,4,384,4,3,143,8,4,291,14,4,408,2,5,483,12,3,165,9,4,332,13,4,331,7,4,365,15,4,428,1,4,408,3,3,192,5,5,542,17,5,520,11
The Rawls Course At Texas Tech,The Rawls Course At Texas Tech,Lubbock,TX,United States,Gold,Male,5493,72,66.2,115,71.2,126,4,284,10,5,449,18,3,103,16,4,273,6,4,312,4,3,129,8,4,280,14,4,379,2,5,392,12,3,132,9,4,303,13,4,309,7,4,334,15,4,387,1,4,355,3,3,158,5,5,461,17,5,453,11
The Rawls Course At Texas Tech,The Rawls Course At Texas Tech,Lubbock,TX,United States,Black,Female,7307,72,,,81.3,148,4,368,10,5,521,18,3,160,16,4,380,6,4,460,4,3,182,8,4,355,14,4,479,2,5,539,12,3,195,9,4,369,13,4,416,7,4,462,15,4,506,1,4,468,3,3,239,5,5,630,17,5,578,11
The Rawls Course At Texas Tech,The Rawls Course At Texas Tech,Lubbock,TX,United States,Red,Female,6825,72,,,78.6,142,4,354,10,5,496,18,3,160,16,4,361,6,4,415,4,3,162,8,4,335,14,4,437,2,5,507,12,3,189,9,4,352,13,4,378,7,4,398,15,4,482,1,4,442,3,3,209,5,5,594,17,5,554,11
The Rawls Course At Texas Tech,The Rawls Course At Texas Tech,Lubbock,TX,United States,White,Female,6270,72,,,75.5,136,4,324,10,5,479,18,3,141,16,4,334,6,4,384,4,3,143,8,4,291,14,4,408,2,5,483,12,3,165,9,4,332,13,4,331,7,4,365,15,4,428,1,4,408,3,3,192,5,5,542,17,5,520,11
The Rawls Course At Texas Tech,The Rawls Course At Texas Tech,Lubbock,TX,United States,Gold,Female,5493,72,,,71.2,126,4,284,10,5,449,18,3,103,16,4,273,6,4,312,4,3,129,8,4,280,14,4,379,2,5,392,12,3,132,9,4,303,13,4,309,7,4,334,15,4,387,1,4,355,3,3,158,5,5,461,17,5,453,11
Rio Colorado Golf Course,Rio Colorado Golf Course,Bay City,TX,United States,Gold,Male,6925,72,73.3,131,78.7,139,5,528,17,4,379,9,3,177,11,5,557,5,4,456,1,3,175,13,4,407,7,3,219,3,5,564,15,5,533,18,4,444,4,3,183,16,5,507,10,4,328,14,3,198,12,4,403,8,4,393,6,4,474,2
Rio Colorado Golf Course,Rio Colorado Golf Course,Bay City,TX,United States,Blue,Male,6370,72,70.5,126,75.6,133,5,508,17,4,346,9,3,166,11,5,493,5,4,431,1,3,141,13,4,377,7,3,181,3,5,534,15,5,503,18,4,401,4,3,147,16,5,487,10,4,312,14,3,166,12,4,374,8,4,360,6,4,443,2
Rio Colorado Golf Course,Rio Colorado Golf Course,Bay City,TX,United States,White,Male,5776,72,67.6,119,72.6,126,5,473,17,4,317,9,3,139,11,5,449,5,4,398,1,3,113,13,4,344,7,3,151,3,5,492,15,5,472,18,4,370,4,3,120,16,5,463,10,4,272,14,3,133,12,4,344,8,4,326,6,4,400,2
Rio Colorado Golf Course,Rio Colorado Golf Course,Bay City,TX,United States,Red,Male,5125,72,64.7,112,69.1,118,5,438,17,4,278,9,3,118,11,5,401,5,4,370,1,3,91,13,4,301,7,3,126,3,5,469,15,5,423,18,4,325,4,3,106,16,5,416,10,4,240,14,3,91,12,4,296,8,4,276,6,4,360,2
Rio Colorado Golf Course,Rio Colorado Golf Course,Bay City,TX,United States,Gold,Female,6855,72,,,78.7,139,5,528,9,4,379,11,3,177,13,5,557,3,4,456,1,3,175,15,4,407,5,3,219,17,5,494,7,5,533,10,4,444,6,3,183,16,5,507,2,4,328,18,3,198,14,4,403,12,4,393,8,4,474,4
Rio Colorado Golf Course,Rio Colorado Golf Course,Bay City,TX,United States,Blue,Female,6303,72,,,75.6,133,5,508,9,4,346,11,3,166,13,5,493,3,4,431,1,3,141,15,4,377,5,3,181,17,5,467,7,5,503,10,4,401,6,3,147,16,5,487,2,4,312,18,3,166,14,4,374,12,4,360,8,4,443,4
Rio Colorado Golf Course,Rio Colorado Golf Course,Bay City,TX,United States,White,Female,5776,72,,,72.6,126,5,473,9,4,317,11,3,139,13,5,449,3,4,398,1,3,113,15,4,344,5,3,151,17,5,492,7,5,472,10,4,370,6,3,120,16,5,463,2,4,272,18,3,133,14,4,344,12,4,326,8,4,400,4
Rio Colorado Golf Course,Rio Colorado Golf Course,Bay City,TX,United States,Red,Female,5125,72,,,69.1,118,5,438,9,4,278,11,3,118,13,5,401,3,4,370,1,3,91,15,4,301,5,3,126,17,5,469,7,5,423,10,4,325,6,3,106,16,5,416,2,4,240,18,3,91,14,4,296,12,4,276,8,4,360,4
Riverbend Country Club (Sl),Riverbend Country Club (Sl),Sugar Land,TX,United States,Gold,Male,6908,72,74.3,139,,,5,559,5,4,386,13,4,371,7,3,191,17,4,387,9,4,420,3,3,203,15,5,483,1,4,398,11,4,415,8,4,407,12,5,502,4,4,403,6,3,187,18,4,484,2,4,387,10,3,158,16,5,567,14
Riverbend Country Club (Sl),Riverbend Country Club (Sl),Sugar Land,TX,United States,Gold/Blue,Male,6682,72,73.3,137,,,5,559,5,4,355,13,4,371,7,3,191,17,4,387,9,4,381,3,3,178,15,5,483,1,4,374,11,4,415,8,4,391,12,5,481,4,4,384,6,3,187,18,4,447,2,4,387,10,3,158,16,5,553,14
Riverbend Country Club (Sl),Riverbend Country Club (Sl),Sugar Land,TX,United States,Blue,Male,6484,72,72.5,134,,,5,541,5,4,355,13,4,359,7,3,147,17,4,368,9,4,381,3,3,178,15,5,469,1,4,374,11,4,395,8,4,391,12,5,481,4,4,384,6,3,176,18,4,447,2,4,348,10,3,137,16,5,553,14
Riverbend Country Club (Sl),Riverbend Country Club (Sl),Sugar Land,TX,United States,Blue/White,Male,6222,72,71.1,130,,,5,541,5,4,300,13,4,343,7,3,147,17,4,368,9,4,347,3,3,149,15,5,469,1,4,344,11,4,371,8,4,391,12,5,481,4,4,340,6,3,166,18,4,427,2,4,348,10,3,137,16,5,553,14
Riverbend Country Club (Sl),Riverbend Country Club (Sl),Sugar Land,TX,United States,White,Male,5937,72,69.5,129,74.9,135,5,523,5,4,300,13,4,343,7,3,126,17,4,350,9,4,347,3,3,149,15,5,431,1,4,344,11,4,371,8,4,351,12,5,452,4,4,340,6,3,166,18,4,427,2,4,328,10,3,110,16,5,479,14
Riverbend Country Club (Sl),Riverbend Country Club (Sl),Sugar Land,TX,United States,Red/White,Male,5575,72,67.4,122,73.3,134,5,451,5,4,300,13,4,343,7,3,86,17,4,350,9,4,317,3,3,113,15,5,407,1,4,344,11,4,352,8,4,351,12,5,452,4,4,328,6,3,142,18,4,361,2,4,328,10,3,110,16,5,440,14
Riverbend Country Club (Sl),Riverbend Country Club (Sl),Sugar Land,TX,United States,Red,Male,5405,72,66.4,120,71.5,127,5,451,5,4,296,13,4,328,7,3,86,17,4,331,9,4,317,3,3,113,15,5,407,1,4,293,11,4,352,8,4,330,12,5,440,4,4,328,6,3,142,18,4,361,2,4,300,10,3,90,16,5,440,14
Riverbend Country Club (Sl),Riverbend Country Club (Sl),Sugar Land,TX,United States,White,Female,5913,72,,,74.9,135,5,523,3,4,300,11,4,343,7,3,126,15,4,350,9,4,347,5,3,149,17,5,407,1,4,344,13,4,371,12,4,351,14,5,452,2,4,340,10,3,166,18,4,427,4,4,328,6,3,110,16,5,479,8
Riverbend Country Club (Sl),Riverbend Country Club (Sl),Sugar Land,TX,United States,Red/White,Female,5551,72,,,73.3,134,5,451,3,4,300,11,4,343,7,3,86,15,4,350,9,4,317,5,3,113,17,5,380,1,4,344,13,4,352,12,4,351,14,5,452,2,4,340,10,3,142,18,4,361,4,4,300,6,3,90,16,5,479,8
Riverbend Country Club (Sl),Riverbend Country Club (Sl),Sugar Land,TX,United States,Red,Female,5378,72,,,71.5,127,5,451,3,4,296,11,4,328,7,3,86,15,4,331,9,4,317,5,3,113,17,5,380,1,4,293,13,4,352,12,4,330,14,5,440,2,4,328,10,3,142,18,4,361,4,4,300,6,3,90,16,5,440,8
River Place Country Club,River Place Country Club,Austin,TX,United States,Black,Male,6381,71,72.1,139,79.6,144,4,372,9,3,139,17,4,364,13,5,558,3,4,378,5,3,169,11,4,416,7,4,394,1,4,371,15,4,436,6,4,392,8,3,133,16,5,497,4,4,363,2,4,287,18,3,209,10,5,576,12,4,327,14
River Place Country Club,River Place Country Club,Austin,TX,United States,Member,Male,6053,71,70.2,137,77.7,142,4,351,9,3,139,17,4,364,13,5,533,3,4,353,5,3,169,11,4,370,7,4,360,1,4,371,15,4,389,6,4,363,8,3,133,16,5,468,4,4,343,2,4,287,18,3,178,10,5,555,12,4,327,14
River Place Country Club,River Place Country Club,Austin,TX,United States,Bronze,Male,5859,71,69.3,135,76.6,140,4,351,9,3,132,17,4,354,13,5,533,3,4,353,5,3,130,11,4,338,7,4,360,1,4,332,15,4,389,6,4,363,8,3,106,16,5,468,4,4,343,2,4,257,18,3,178,10,5,555,12,4,317,14
River Place Country Club,River Place Country Club,Austin,TX,United States,Green,Male,5337,71,66.9,127,73.7,132,4,341,9,3,126,17,4,325,13,5,476,3,4,314,5,3,109,11,4,303,7,4,327,1,4,310,15,4,358,6,4,332,8,3,89,16,5,447,4,4,311,2,4,227,18,3,135,10,5,526,12,4,281,14
River Place Country Club,River Place Country Club,Austin,TX,United States,Red,Male,4347,71,63.1,120,68.2,123,4,318,9,3,66,17,4,286,13,5,443,3,4,206,5,3,87,11,4,240,7,4,239,1,4,298,15,4,238,6,4,294,8,3,66,16,5,349,4,4,219,2,4,217,18,3,109,10,5,421,12,4,251,14
River Place Country Club,River Place Country Club,Austin,TX,United States,Black,Female,6381,71,,,79.6,144,4,372,5,3,139,17,4,364,15,5,558,3,4,378,13,3,169,11,4,416,9,4,394,1,4,371,7,4,436,12,4,392,6,3,133,18,5,497,2,4,363,4,4,287,14,3,209,16,5,576,10,4,327,8
River Place Country Club,River Place Country Club,Austin,TX,United States,Member,Female,6053,71,,,77.7,142,4,351,5,3,139,17,4,364,15,5,533,3,4,353,13,3,169,11,4,370,9,4,360,1,4,371,7,4,389,12,4,363,6,3,133,18,5,468,2,4,343,4,4,287,14,3,178,16,5,555,10,4,327,8
River Place Country Club,River Place Country Club,Austin,TX,United States,Bronze,Female,5859,71,,,76.6,140,4,351,5,3,132,17,4,354,15,5,533,3,4,353,13,3,130,11,4,338,9,4,360,1,4,332,7,4,389,12,4,363,6,3,106,18,5,468,2,4,343,4,4,257,14,3,178,16,5,555,10,4,317,8
River Place Country Club,River Place Country Club,Austin,TX,United States,Green,Female,5337,71,,,73.7,132,4,341,5,3,126,17,4,325,15,5,476,3,4,314,13,3,109,11,4,303,9,4,327,1,4,310,7,4,358,12,4,332,6,3,89,18,5,447,2,4,311,4,4,227,14,3,135,16,5,526,10,4,281,8
River Place Country Club,River Place Country Club,Austin,TX,United States,Red,Female,4347,71,,,68.2,123,4,318,5,3,66,17,4,286,15,5,443,3,4,206,13,3,87,11,4,240,9,4,239,1,4,298,7,4,238,12,4,294,6,3,66,18,5,349,2,4,219,4,4,217,14,3,109,16,5,421,10,4,251,8
Riverside Golf Course,Riverside Golf Club (Victoria),Victoria,TX,United States,Blue,Male,6579,72,71.4,120,,,4,322,18,4,400,11,4,370,15,3,200,5,4,396,2,5,524,9,4,402,8,3,171,14,5,532,3,4,354,17,4,365,4,3,136,16,4,374,13,5,534,1,4,401,6,4,393,12,3,172,10,5,533,7
Riverside Golf Course,Riverside Golf Club (Victoria),Victoria,TX,United States,Yellow,Male,6323,72,70.3,118,,,4,305,18,4,381,11,4,356,15,3,188,5,4,381,2,5,511,9,4,390,8,3,157,14,5,524,3,4,347,17,4,355,4,3,128,16,4,362,13,5,514,1,4,385,6,4,363,12,3,160,10,5,516,7
Riverside Golf Course,Riverside Golf Club (Victoria),Victoria,TX,United States,White,Male,5868,72,68.3,113,73.4,121,4,261,18,4,328,11,4,348,15,3,173,5,4,340,2,5,462,9,4,365,8,3,144,14,5,513,3,4,338,17,4,317,4,3,117,16,4,347,13,5,445,1,4,373,6,4,349,12,3,149,10,5,499,7
Riverside Golf Course,Riverside Golf Club (Victoria),Victoria,TX,United States,Red,Male,4889,72,64,104,68.1,108,4,204,18,4,280,11,4,292,15,3,138,5,4,285,2,5,391,9,4,312,8,3,91,14,5,409,3,4,239,17,4,285,4,3,106,16,4,294,13,5,422,1,4,302,6,4,287,12,3,136,10,5,416,7
Riverside Golf Course,Riverside Golf Club (Victoria),Victoria,TX,United States,White,Female,5840,72,,,73.4,121,4,387,18,3,153,10,4,313,13,4,299,7,3,160,2,4,310,9,4,356,5,5,407,17,5,455,3,4,338,16,4,317,4,4,348,15,3,173,14,4,340,1,5,462,8,4,365,11,3,144,12,5,513,6
Riverside Golf Course,Riverside Golf Club (Victoria),Victoria,TX,United States,Red,Female,4889,72,,,68.1,108,4,204,18,4,280,10,4,292,13,3,138,7,4,285,2,5,391,9,4,312,5,3,91,17,5,409,3,4,239,16,4,285,4,3,106,15,4,294,14,5,422,1,4,302,8,4,287,11,3,136,12,5,416,6
Riverside Golf Club (Grand Prairie),Riverside Golf Club (Grand Prairie),Grand Prairie,TX,United States,Black,Male,6977,72,74.1,131,,,4,442,13,5,504,15,4,377,11,4,492,5,3,212,17,5,543,3,4,434,1,3,198,9,4,450,7,4,402,6,5,544,12,4,355,18,3,171,10,5,545,14,4,325,4,3,179,8,4,366,16,4,438,2
Riverside Golf Club (Grand Prairie),Riverside Golf Club (Grand Prairie),Grand Prairie,TX,United States,BLUE,Male,6357,72,71.2,128,,,4,392,13,5,472,15,4,358,11,4,390,5,3,154,17,5,512,3,4,404,1,3,175,9,4,411,7,4,371,6,5,506,12,4,320,18,3,155,10,5,495,14,4,320,4,3,168,8,4,343,16,4,411,2
Riverside Golf Club (Grand Prairie),Riverside Golf Club (Grand Prairie),Grand Prairie,TX,United States,WHITE,Male,5885,72,69,120,,,4,352,13,5,422,15,4,327,11,4,371,5,3,121,17,5,486,3,4,380,1,3,155,9,4,394,7,4,337,6,5,474,12,4,292,18,3,123,10,5,490,14,4,317,4,3,141,8,4,320,16,4,383,2
Riverside Golf Club (Grand Prairie),Riverside Golf Club (Grand Prairie),Grand Prairie,TX,United States,Silver,Male,5476,72,67,118,72.4,122,4,341,13,5,415,15,4,302,11,4,310,5,3,100,17,5,472,3,4,320,1,3,140,9,4,360,7,4,335,6,5,440,12,4,275,18,3,110,10,5,465,14,4,315,4,3,99,8,4,306,16,4,371,2
Riverside Golf Club (Grand Prairie),Riverside Golf Club (Grand Prairie),Grand Prairie,TX,United States,White,Female,5885,72,,,75.2,126,4,352,14,5,422,16,4,327,12,4,371,4,3,121,18,5,486,6,4,380,10,3,155,8,4,394,2,4,337,15,5,474,9,4,292,17,3,123,11,5,490,5,4,317,3,3,141,7,4,320,13,4,383,1
Riverside Golf Club (Grand Prairie),Riverside Golf Club (Grand Prairie),Grand Prairie,TX,United States,Silver,Female,5486,72,,,72.4,122,4,341,14,5,415,16,4,302,12,4,310,4,3,100,18,5,472,6,4,330,10,3,140,8,4,360,2,4,335,15,5,440,9,4,275,17,3,110,11,5,465,5,4,315,3,3,99,7,4,306,13,4,371,1
Riverside Golf Club (Grand Prairie),Riverside Golf Club (Grand Prairie),Grand Prairie,TX,United States,Red,Female,5240,72,,,70.8,120,4,330,14,5,407,16,4,276,12,4,300,4,3,84,18,5,463,6,4,310,10,3,134,8,4,350,2,4,286,15,5,427,9,4,263,17,3,96,11,5,450,5,4,313,3,3,92,7,4,296,13,4,363,1
Shadow Hawk Golf Club,Shadow Hawk Golf Club,Richmond,TX,United States,Hawk,Male,7207,72,75.6,139,,,5,560,7,4,348,17,4,488,1,3,225,9,4,441,5,4,371,15,3,170,13,4,459,3,5,565,11,4,429,6,3,216,16,4,425,10,4,369,14,5,562,4,4,410,12,4,460,2,3,169,18,5,540,8
Shadow Hawk Golf Club,Shadow Hawk Golf Club,Richmond,TX,United States,Blue,Male,6803,72,73.7,136,,,5,527,7,4,327,17,4,455,1,3,210,9,4,407,5,4,352,15,3,149,13,4,425,3,5,546,11,4,412,6,3,195,16,4,403,10,4,354,14,5,546,4,4,388,12,4,437,2,3,148,18,5,522,8
Shadow Hawk Golf Club,Shadow Hawk Golf Club,Richmond,TX,United States,Silver,Male,6472,72,72.3,131,,,5,521,7,4,327,17,4,426,1,3,183,9,4,383,5,4,334,15,3,130,13,4,399,3,5,527,11,4,388,6,3,177,16,4,372,10,4,341,14,5,528,4,4,369,12,4,413,2,3,148,18,5,506,8
Shadow Hawk Golf Club,Shadow Hawk Golf Club,Richmond,TX,United States,White,Male,6073,72,70.5,129,76,135,5,498,7,4,316,17,4,403,1,3,162,9,4,363,5,4,334,15,3,108,13,4,367,3,5,489,11,4,373,6,3,154,16,4,356,10,4,312,14,5,497,4,4,351,12,4,380,2,3,130,18,5,480,8
Shadow Hawk Golf Club,Shadow Hawk Golf Club,Richmond,TX,United States,Bronze,Male,5544,72,67.6,123,73.1,127,5,448,7,4,316,17,4,362,1,3,162,9,4,307,5,4,334,15,3,108,13,4,327,3,5,438,11,4,290,6,3,154,16,4,356,10,4,312,14,5,445,4,4,286,12,4,332,2,3,130,18,5,437,8
Shadow Hawk Golf Club,Shadow Hawk Golf Club,Richmond,TX,United States,Gold,Male,5182,72,65.9,119,71.1,124,5,448,7,4,292,17,4,362,1,3,130,9,4,307,5,4,288,15,3,90,13,4,327,3,5,438,11,4,290,6,3,106,16,4,244,10,4,264,14,5,445,4,4,286,12,4,332,2,3,96,18,5,437,8
Shadow Hawk Golf Club,Shadow Hawk Golf Club,Richmond,TX,United States,White,Female,6073,72,,,76,135,5,498,7,4,316,11,4,403,1,3,162,17,4,363,5,4,334,13,3,108,15,4,367,3,5,489,9,4,373,4,3,154,18,4,356,12,4,312,14,5,497,8,4,351,10,4,380,2,3,130,16,5,480,6
Shadow Hawk Golf Club,Shadow Hawk Golf Club,Richmond,TX,United States,Bronze,Female,5544,72,,,73.1,127,5,448,7,4,316,11,4,362,1,3,162,17,4,307,5,4,334,13,3,108,15,4,327,3,5,438,9,4,290,4,3,154,18,4,356,12,4,312,14,5,445,8,4,286,10,4,332,2,3,130,16,5,437,6
Shadow Hawk Golf Club,Shadow Hawk Golf Club,Richmond,TX,United States,Gold,Female,5182,72,,,71.1,124,5,448,7,4,292,11,4,362,1,3,130,17,4,307,5,4,288,13,3,90,15,4,327,3,5,438,9,4,290,4,3,106,18,4,244,12,4,264,14,5,445,8,4,286,10,4,332,2,3,96,16,5,437,6
Shadowglen Golf Club,Shadowglen Golf Club,Manor,TX,United States,Black,Male,7089,72,74.9,142,,,4,394,12,4,467,2,4,419,8,5,573,4,4,343,18,3,216,14,4,437,6,3,178,16,5,513,10,4,412,11,4,466,5,5,580,3,4,440,7,4,404,9,3,206,15,5,559,1,3,142,17,4,340,13
Shadowglen Golf Club,Shadowglen Golf Club,Manor,TX,United States,Bronze,Male,6628,72,72.8,139,,,4,377,12,4,440,2,4,390,8,5,543,4,4,315,18,3,195,14,4,411,6,3,152,16,5,472,10,4,396,11,4,450,5,5,544,3,4,406,7,4,392,9,3,190,15,5,529,1,3,117,17,4,309,13
Shadowglen Golf Club,Shadowglen Golf Club,Manor,TX,United States,Blue,Male,6188,72,70.8,137,,,4,359,12,4,415,2,4,355,8,5,506,4,4,303,18,3,166,14,4,375,6,3,146,16,5,446,10,4,381,11,4,427,5,5,515,3,4,396,7,4,362,9,3,166,15,5,501,1,3,113,17,4,256,13
Shadowglen Golf Club,Shadowglen Golf Club,Manor,TX,United States,White,Male,5623,72,68.1,131,73.4,132,4,354,12,4,389,2,4,316,8,5,437,4,4,298,18,3,128,14,4,370,6,3,131,16,5,421,10,4,305,11,4,401,5,5,453,3,4,375,7,4,326,9,3,151,15,5,441,1,3,106,17,4,221,13
Shadowglen Golf Club,Shadowglen Golf Club,Manor,TX,United States,Green,Male,4837,72,64.6,123,69.1,126,4,258,12,4,315,2,4,284,8,5,434,4,4,269,18,3,123,14,4,243,6,3,115,16,5,322,10,4,261,11,4,399,5,5,399,3,4,331,7,4,262,9,3,146,15,5,380,1,3,84,17,4,212,13
Shadowglen Golf Club,Shadowglen Golf Club,Manor,TX,United States,White,Female,5623,72,,,73.4,132,4,354,12,4,389,6,4,316,10,5,437,2,4,298,14,3,128,16,4,370,8,3,131,18,5,421,4,4,305,13,4,401,5,5,453,3,4,375,7,4,326,9,3,151,15,5,441,1,3,106,17,4,221,11
Shadowglen Golf Club,Shadowglen Golf Club,Manor,TX,United States,Green,Female,4837,72,,,69.1,126,4,258,12,4,315,6,4,284,10,5,434,2,4,269,14,3,123,16,4,243,8,3,115,18,5,322,4,4,261,13,4,399,5,5,399,3,4,331,7,4,262,9,3,146,15,5,380,1,3,84,17,4,212,11
Course #1,Sherrill Park Golf Course,Richardson,TX,United States,Pro,Male,6980,72,74.4,132,80.4,145,5,520,10,4,385,2,3,175,18,4,349,14,5,555,6,3,180,16,4,426,8,4,430,4,4,413,12,4,411,5,5,523,3,4,399,11,3,171,17,5,588,9,3,195,15,4,400,13,4,439,1,4,421,7
Course #1,Sherrill Park Golf Course,Richardson,TX,United States,Championship,Male,6358,72,70.2,125,76.9,137,5,471,10,4,346,2,3,157,18,4,321,14,5,521,6,3,158,16,4,403,8,4,375,4,4,374,12,4,349,5,5,492,3,4,362,11,3,147,17,5,560,9,3,162,15,4,370,13,4,420,1,4,370,7
Course #1,Sherrill Park Golf Course,Richardson,TX,United States,Middle,Male,5850,72,68,121,73.7,131,5,455,10,4,303,2,3,142,18,4,295,14,5,466,6,3,139,16,4,350,8,4,386,4,4,328,12,4,303,5,5,473,3,4,330,11,3,149,17,5,535,9,3,142,15,4,342,13,4,382,1,4,330,7
Course #1,Sherrill Park Golf Course,Richardson,TX,United States,Forward,Male,5140,72,64.9,114,69.4,124,5,407,10,4,292,2,3,100,18,4,262,14,5,438,6,3,126,16,4,323,8,4,325,4,4,291,12,4,277,5,5,412,3,4,279,11,3,98,17,5,406,9,3,120,15,4,321,13,4,356,1,4,307,7
Course #1,Sherrill Park Golf Course,Richardson,TX,United States,Pro,Female,7081,72,,,80.4,145,5,529,10,4,385,2,3,195,18,4,349,14,5,555,6,3,180,16,4,426,8,4,440,4,4,413,12,4,427,5,5,523,3,4,406,11,3,171,17,5,588,9,3,195,15,4,439,13,4,439,1,4,421,7
Course #1,Sherrill Park Golf Course,Richardson,TX,United States,Championship,Female,6431,72,,,76.9,137,5,471,10,4,346,2,3,157,18,4,327,14,5,521,6,3,158,16,4,403,8,4,411,4,4,374,12,4,353,5,5,502,3,4,379,11,3,157,17,5,560,9,3,157,15,4,382,13,4,420,1,4,353,7
Course #1,Sherrill Park Golf Course,Richardson,TX,United States,Middle,Female,5826,72,,,73.7,131,5,455,10,4,303,2,3,147,18,4,295,14,5,466,6,3,140,16,4,350,8,4,380,4,4,328,12,4,303,5,5,473,3,4,330,11,3,125,17,5,535,9,3,142,15,4,342,13,4,382,1,4,330,7
Course #1,Sherrill Park Golf Course,Richardson,TX,United States,Forward,Female,5140,72,,,69.4,124,5,407,10,4,292,2,3,100,18,4,262,14,5,438,6,3,126,16,4,323,8,4,325,4,4,291,12,4,277,5,5,412,3,4,279,11,3,98,17,5,406,9,3,120,15,4,321,13,4,356,1,4,307,7
Sienna Golf Club,Sienna Golf Club,Missouri City,TX,United States,Black,Male,7076,72,75.9,137,,,4,410,9,5,590,1,3,183,17,4,374,11,4,451,7,3,251,15,4,449,3,5,520,13,4,396,5,4,410,10,4,439,2,4,415,12,4,417,4,3,210,14,5,500,8,4,320,18,3,202,16,5,539,6
Sienna Golf Club,Sienna Golf Club,Missouri City,TX,United States,Blue,Male,6420,72,72.3,134,,,4,375,9,5,560,1,3,152,17,4,315,11,4,410,7,3,215,15,4,405,3,5,495,13,4,353,5,4,380,10,4,405,2,4,375,12,4,385,4,3,185,14,5,445,8,4,288,18,3,165,16,5,512,6
Sienna Golf Club,Sienna Golf Club,Missouri City,TX,United States,White,Male,5911,72,70.5,129,74.4,133,4,350,9,5,535,1,3,123,17,4,290,11,4,350,7,3,185,15,4,386,3,5,457,13,4,333,5,4,332,10,4,375,2,4,347,12,4,362,4,3,170,14,5,425,8,4,266,18,3,145,16,5,480,6
Sienna Golf Club,Sienna Golf Club,Missouri City,TX,United States,Green,Male,5224,72,65.8,112,70.9,122,4,297,9,5,480,1,3,101,17,4,294,11,4,320,7,3,172,15,4,326,3,5,410,13,4,270,5,4,280,10,4,299,2,4,331,12,4,343,4,3,134,14,5,394,8,4,239,18,3,101,16,5,433,6
Sienna Golf Club,Sienna Golf Club,Missouri City,TX,United States,White,Female,5780,72,,,74.4,133,4,355,13,5,530,1,3,123,17,4,286,9,4,347,5,3,180,11,4,386,7,5,456,3,4,262,15,4,330,10,4,370,6,4,345,8,4,364,2,3,140,12,5,422,14,4,266,16,3,141,18,5,477,4
Sienna Golf Club,Sienna Golf Club,Missouri City,TX,United States,Green,Female,5114,72,,,70.9,122,4,297,13,5,480,1,3,101,17,4,264,9,4,320,5,3,160,11,4,326,7,5,410,3,4,243,15,4,280,10,4,299,6,4,316,8,4,331,2,3,130,12,5,394,14,4,239,16,3,101,18,5,423,4
Links,Squaw Valley Golf Course,Glen Rose,TX,United States,Gold,Male,7063,72,74.2,134,81.3,145,4,387,16,3,230,12,4,428,4,4,441,6,5,576,10,3,170,18,4,362,8,5,510,14,4,417,2,3,199,11,4,415,5,5,533,13,4,384,15,3,182,17,4,462,1,4,368,7,4,478,3,5,521,9
Links,Squaw Valley Golf Course,Glen Rose,TX,United States,Blue,Male,6731,72,72.7,131,79.5,139,4,370,16,3,214,12,4,416,4,4,421,6,5,557,10,3,154,18,4,343,8,5,481,14,4,395,2,3,180,11,4,403,5,5,511,13,4,375,15,3,165,17,4,449,1,4,347,7,4,440,3,5,510,9
Links,Squaw Valley Golf Course,Glen Rose,TX,United States,White,Male,6284,72,70.8,126,77,134,4,343,16,3,187,12,4,378,4,4,392,6,5,531,10,3,132,18,4,306,8,5,461,14,4,359,2,3,168,11,4,372,5,5,493,13,4,356,15,3,145,17,4,435,1,4,315,7,4,418,3,5,493,9
Links,Squaw Valley Golf Course,Glen Rose,TX,United States,Black,Male,5194,72,66,119,71,121,4,291,16,3,141,12,4,355,4,4,374,6,5,466,10,3,115,18,4,207,8,5,417,14,4,279,2,3,142,11,4,275,5,5,418,13,4,303,15,3,148,17,4,318,1,4,236,7,4,337,3,5,372,9
Links,Squaw Valley Golf Course,Glen Rose,TX,United States,Red,Male,5009,72,65,111,70,118,4,281,16,3,131,12,4,345,4,4,364,6,5,456,10,3,105,18,4,197,8,5,407,14,4,269,2,3,132,11,4,265,5,5,403,13,4,293,15,3,138,17,4,308,1,4,226,7,4,327,3,5,362,9
Links,Squaw Valley Golf Course,Glen Rose,TX,United States,Gold,Female,7063,72,,,81.3,145,4,387,8,3,230,16,4,428,2,4,441,6,5,576,10,3,170,18,4,362,14,5,510,4,4,417,12,3,199,17,4,415,3,5,533,13,4,384,11,3,182,15,4,462,7,4,368,1,4,478,5,5,521,9
Links,Squaw Valley Golf Course,Glen Rose,TX,United States,Blue,Female,6731,72,,,79.5,139,4,370,8,3,214,16,4,416,2,4,421,6,5,557,10,3,154,18,4,343,14,5,481,4,4,395,12,3,180,17,4,403,3,5,511,13,4,375,11,3,165,15,4,449,7,4,347,1,4,440,5,5,510,9
Links,Squaw Valley Golf Course,Glen Rose,TX,United States,White,Female,6284,72,,,77,134,4,343,8,3,187,16,4,378,2,4,392,6,5,531,10,3,132,18,4,306,14,5,461,4,4,359,12,3,168,17,4,372,3,5,493,13,4,356,11,3,145,15,4,435,7,4,315,1,4,418,5,5,493,9
Links,Squaw Valley Golf Course,Glen Rose,TX,United States,Black,Female,5194,72,,,71,121,4,291,8,3,141,16,4,355,2,4,374,6,5,466,10,3,115,18,4,207,14,5,417,4,4,279,12,3,142,17,4,275,3,5,418,13,4,303,11,3,148,15,4,318,7,4,236,1,4,337,5,5,372,9
Links,Squaw Valley Golf Course,Glen Rose,TX,United States,Red,Female,5009,72,,,70,118,4,281,8,3,131,16,4,345,2,4,364,6,5,456,10,3,105,18,4,197,14,5,407,4,4,269,12,3,132,17,4,265,3,5,403,13,4,293,11,3,138,15,4,308,7,4,226,1,4,327,5,5,362,9
Lakes,Squaw Valley Golf Course,Glen Rose,TX,United States,Gold,Male,7000,72,74.1,133,80.4,143,4,445,5,5,540,7,3,176,15,4,357,17,4,434,3,5,520,9,3,205,13,4,387,11,4,461,1,4,332,16,3,195,14,4,464,2,3,177,12,5,535,18,4,421,4,4,431,6,4,411,10,5,509,8
Lakes,Squaw Valley Golf Course,Glen Rose,TX,United States,Blue,Male,6633,72,72.5,129,78.3,139,4,389,5,5,528,7,3,167,15,4,334,17,4,407,3,5,496,9,3,186,13,4,364,11,4,446,1,4,318,16,3,182,14,4,452,2,3,172,12,5,515,18,4,395,4,4,409,6,4,386,10,5,487,8
Lakes,Squaw Valley Golf Course,Glen Rose,TX,United States,White,Male,6143,72,70.2,125,75.6,133,4,369,5,5,503,7,3,132,15,4,303,17,4,370,3,5,477,9,3,154,13,4,331,11,4,425,1,4,283,16,3,169,14,4,412,2,3,162,12,5,478,18,4,367,4,4,387,6,4,356,10,5,465,8
Lakes,Squaw Valley Golf Course,Glen Rose,TX,United States,Black,Male,5597,72,67.4,121,72.6,126,4,349,5,5,466,7,3,102,15,4,281,17,4,336,3,5,459,9,3,115,13,4,305,11,4,404,1,4,247,16,3,150,14,4,380,2,3,128,12,5,446,18,4,337,4,4,333,6,4,322,10,5,437,8
Lakes,Squaw Valley Golf Course,Glen Rose,TX,United States,Red,Male,5116,72,65.3,115,69.9,121,4,327,5,5,438,7,3,100,15,4,263,17,4,301,3,5,433,9,3,108,13,4,274,11,4,368,1,4,223,16,3,90,14,4,359,2,3,110,12,5,412,18,4,304,4,4,314,6,4,281,10,5,411,8
Lakes,Squaw Valley Golf Course,Glen Rose,TX,United States,Gold,Female,7000,72,,,80.4,143,4,445,3,5,540,5,3,176,15,4,357,13,4,434,11,5,520,7,3,205,17,4,387,9,4,461,1,4,332,16,3,195,18,4,464,10,3,177,14,5,535,12,4,421,6,4,431,4,4,411,8,5,509,2
Lakes,Squaw Valley Golf Course,Glen Rose,TX,United States,Blue,Female,6633,72,,,78.3,139,4,389,3,5,528,5,3,167,15,4,334,13,4,407,11,5,496,7,3,186,17,4,364,9,4,446,1,4,318,16,3,182,18,4,452,10,3,172,14,5,515,12,4,395,6,4,409,4,4,386,8,5,487,2
Lakes,Squaw Valley Golf Course,Glen Rose,TX,United States,White,Female,6143,72,,,75.6,133,4,369,3,5,503,5,3,132,15,4,303,13,4,370,11,5,477,7,3,154,17,4,331,9,4,425,1,4,283,16,3,169,18,4,412,10,3,162,14,5,478,12,4,367,6,4,387,4,4,356,8,5,465,2
Lakes,Squaw Valley Golf Course,Glen Rose,TX,United States,Black,Female,5597,72,,,72.6,126,4,349,3,5,466,5,3,102,15,4,281,13,4,336,11,5,459,7,3,115,17,4,305,9,4,404,1,4,247,16,3,150,18,4,380,10,3,128,14,5,446,12,4,337,6,4,333,4,4,322,8,5,437,2
Lakes,Squaw Valley Golf Course,Glen Rose,TX,United States,Red,Female,5116,72,,,69.9,121,4,327,3,5,438,5,3,100,15,4,263,13,4,301,11,5,433,7,3,108,17,4,274,9,4,368,1,4,223,16,3,90,18,4,359,10,3,110,14,5,412,12,4,304,6,4,314,4,4,281,8,5,411,2
The Golf Club Star Ranch,The Golf Club Star Ranch,Hutto,TX,United States,Tour,Male,7017,71,73.4,130,,,4,398,11,4,455,3,4,451,7,3,177,17,5,582,1,4,357,13,3,189,15,4,474,5,4,386,9,4,453,10,4,446,2,3,196,16,5,532,12,4,376,14,3,170,18,4,427,8,4,441,6,5,507,4
The Golf Club Star Ranch,The Golf Club Star Ranch,Hutto,TX,United States,Tour/Champ Tees,Male,6579,71,71.6,126,,,4,398,11,4,417,3,4,409,7,3,177,17,5,545,1,4,292,13,3,189,15,4,412,5,4,386,9,4,453,10,4,391,2,3,168,16,5,532,12,4,323,14,3,170,18,4,394,8,4,416,6,5,507,4
The Golf Club Star Ranch,The Golf Club Star Ranch,Hutto,TX,United States,Champ,Male,6341,71,70.1,120,76.3,129,4,366,11,4,417,3,4,409,7,3,154,17,5,545,1,4,292,13,3,163,15,4,412,5,4,366,9,4,422,10,4,391,2,3,168,16,5,503,12,4,323,14,3,123,18,4,394,8,4,416,6,5,477,4
The Golf Club Star Ranch,The Golf Club Star Ranch,Hutto,TX,United States,Preferred,Male,5678,71,67.2,118,73.3,126,4,339,11,4,373,3,4,369,7,3,128,17,5,514,1,4,242,13,3,141,15,4,374,5,4,327,9,4,376,10,4,347,2,3,141,16,5,458,12,4,290,14,3,93,18,4,352,8,4,380,6,5,434,4
The Golf Club Star Ranch,The Golf Club Star Ranch,Hutto,TX,United States,Green,Male,5306,71,66.1,115,71.6,122,4,324,11,4,337,3,4,355,7,3,120,17,5,481,1,4,235,13,3,121,15,4,328,5,4,322,9,4,366,10,4,301,2,3,132,16,5,446,12,4,285,14,3,85,18,4,345,8,4,335,6,5,388,4
The Golf Club Star Ranch,The Golf Club Star Ranch,Hutto,TX,United States,Forward,Male,4990,71,64.7,112,68.7,116,4,307,11,4,334,3,4,338,7,3,106,17,5,477,1,4,192,13,3,102,15,4,324,5,4,295,9,4,346,10,4,298,2,3,118,16,5,408,12,4,276,14,3,78,18,4,274,8,4,332,6,5,385,4
The Golf Club Star Ranch,The Golf Club Star Ranch,Hutto,TX,United States,Champ,Female,6341,71,,,76.3,129,4,366,11,4,417,3,4,409,5,3,154,17,5,545,1,4,292,13,3,163,15,4,412,9,4,366,7,4,422,6,4,391,8,3,168,18,5,503,14,4,323,4,3,123,16,4,394,12,4,416,2,5,477,10
The Golf Club Star Ranch,The Golf Club Star Ranch,Hutto,TX,United States,Preferred,Female,5678,71,,,73.3,126,4,339,11,4,373,3,4,369,5,3,128,17,5,514,1,4,242,13,3,141,15,4,374,9,4,327,7,4,376,6,4,347,8,3,141,18,5,458,14,4,290,4,3,93,16,4,352,12,4,380,2,5,434,10
The Golf Club Star Ranch,The Golf Club Star Ranch,Hutto,TX,United States,Green,Female,5306,71,,,71.6,122,4,324,11,4,337,3,4,355,5,3,120,17,5,481,1,4,235,13,3,121,15,4,328,9,4,322,7,4,366,6,4,301,8,3,132,18,5,446,14,4,285,4,3,85,16,4,345,12,4,335,2,5,388,10
The Golf Club Star Ranch,The Golf Club Star Ranch,Hutto,TX,United States,Forward,Female,4990,71,,,68.7,116,4,307,11,4,334,3,4,338,5,3,106,17,5,477,1,4,192,13,3,102,15,4,324,9,4,295,7,4,346,6,4,298,8,3,118,18,5,408,14,4,276,4,3,78,16,4,274,12,4,332,2,5,385,10
Pecan,Sweetwater Country Club (Sugar Land),Sugar Land,TX,United States,Blue,Male,7154,72,74.4,140,,,4,384,15,5,535,9,4,365,11,3,199,13,4,463,3,5,557,1,3,184,17,4,437,7,4,464,5,4,412,14,5,575,2,4,396,12,3,167,16,4,371,10,5,531,8,3,222,18,4,462,4,4,430,6
Pecan,Sweetwater Country Club (Sugar Land),Sugar Land,TX,United States,White,Male,6723,72,72.7,135,,,4,362,15,5,515,9,4,335,11,3,177,13,4,435,3,5,528,1,3,173,17,4,408,7,4,444,5,4,381,14,5,550,2,4,375,12,3,145,16,4,350,10,5,505,8,3,191,18,4,439,4,4,410,6
Pecan,Sweetwater Country Club (Sugar Land),Sugar Land,TX,United States,White/Gold Combo Tee,Male,6329,72,71,130,,,4,362,15,5,465,9,4,335,11,3,177,13,4,388,3,5,493,1,3,173,17,4,373,7,4,407,5,4,381,14,5,512,2,4,375,12,3,145,16,4,350,10,5,455,8,3,191,18,4,382,4,4,365,6
Pecan,Sweetwater Country Club (Sugar Land),Sugar Land,TX,United States,Gold,Male,6050,72,70,128,75.4,134,4,314,15,5,465,9,4,300,11,3,156,13,4,388,3,5,493,1,3,142,17,4,373,7,4,407,5,4,353,14,5,512,2,4,330,12,3,127,16,4,310,10,5,455,8,3,178,18,4,382,4,4,365,6
Pecan,Sweetwater Country Club (Sugar Land),Sugar Land,TX,United States,Red,Male,5545,72,67.9,118,72.6,122,4,283,15,5,372,9,4,286,11,3,149,13,4,368,3,5,460,1,3,125,17,4,360,7,4,380,5,4,317,14,5,495,2,4,291,12,3,115,16,4,300,10,5,426,8,3,164,18,4,347,4,4,307,6
Pecan,Sweetwater Country Club (Sugar Land),Sugar Land,TX,United States,Gold,Female,6050,72,,,75.4,134,4,314,15,5,465,9,4,300,3,3,156,13,4,388,5,5,493,1,3,142,17,4,373,7,4,407,11,4,353,8,5,512,2,4,330,12,3,127,16,4,310,14,5,455,4,3,178,18,4,382,10,4,365,6
Pecan,Sweetwater Country Club (Sugar Land),Sugar Land,TX,United States,Red,Female,5545,72,,,72.6,122,4,283,15,5,372,9,4,286,3,3,149,13,4,368,5,5,460,1,3,125,17,4,360,7,4,380,11,4,317,8,5,495,2,4,291,12,3,115,16,4,300,14,5,426,4,3,164,18,4,347,10,4,307,6
Cypress,Sweetwater Country Club (Sugar Land),Sugar Land,TX,United States,Blue,Male,6728,71,73.9,134,,,4,391,9,4,378,15,5,536,7,3,189,17,4,392,3,5,563,1,3,150,11,4,405,5,4,369,13,4,366,14,5,521,8,4,421,10,4,398,12,3,152,18,4,440,4,3,187,16,4,425,2,4,445,6
Cypress,Sweetwater Country Club (Sugar Land),Sugar Land,TX,United States,White,Male,6288,71,72,132,,,4,372,9,4,349,15,5,505,7,3,166,17,4,365,3,5,540,1,3,136,11,4,381,5,4,350,13,4,335,14,5,480,8,4,392,10,4,362,12,3,144,18,4,422,4,3,162,16,4,397,2,4,430,6
Cypress,Sweetwater Country Club (Sugar Land),Sugar Land,TX,United States,White/Gold Combo Tee,Male,6050,71,71.2,127,,,4,328,9,4,349,15,5,489,7,3,166,17,4,333,3,5,480,1,3,136,11,4,363,5,4,335,13,4,335,14,5,480,8,4,371,10,4,342,12,3,144,18,4,410,4,3,162,16,4,397,2,4,430,6
Cypress,Sweetwater Country Club (Sugar Land),Sugar Land,TX,United States,Gold,Male,5834,71,69.8,125,74.7,135,4,328,9,4,338,15,5,489,7,3,138,17,4,333,3,5,480,1,3,100,11,4,363,5,4,335,13,4,303,14,5,448,8,4,371,10,4,342,12,3,129,18,4,410,4,3,147,16,4,375,2,4,405,6
Cypress,Sweetwater Country Club (Sugar Land),Sugar Land,TX,United States,Red,Male,5323,71,67.2,115,72.8,130,4,313,9,4,312,15,5,446,7,3,110,17,4,315,3,5,470,1,3,71,11,4,342,5,4,297,13,4,285,14,5,411,8,4,298,10,4,317,12,3,112,18,4,390,4,3,106,16,4,357,2,4,371,6
Cypress,Sweetwater Country Club (Sugar Land),Sugar Land,TX,United States,Gold,Female,5834,72,,,74.7,135,4,328,9,4,338,13,5,489,3,3,138,17,4,333,1,5,480,5,3,100,15,4,363,7,4,335,11,4,303,12,5,448,8,4,371,10,4,342,14,3,129,18,5,410,6,3,147,16,4,375,2,4,405,4
Cypress,Sweetwater Country Club (Sugar Land),Sugar Land,TX,United States,Red,Female,5334,72,,,72.8,130,4,313,9,4,312,13,5,446,3,3,110,17,4,326,1,5,470,5,3,71,15,4,342,7,4,297,11,4,285,12,5,411,8,4,298,10,4,317,14,3,112,18,5,390,6,3,106,16,4,357,2,4,371,4
Traditions Club At Texas A & M,Traditions Club At Texas A & M,Bryan,TX,United States,Maroon,Male,7121,72,75.6,152,83.9,155,4,412,11,3,216,15,4,429,9,4,387,5,5,539,3,4,354,13,3,192,17,5,584,1,4,439,7,5,559,2,3,182,18,4,428,12,4,381,14,4,407,8,5,551,6,3,190,16,4,427,4,4,444,10
Traditions Club At Texas A & M,Traditions Club At Texas A & M,Bryan,TX,United States,M/B Combo,Male,6755,72,74,149,81.9,153,4,412,11,3,183,15,4,391,9,4,387,5,5,539,3,4,354,13,3,163,17,5,525,1,4,384,7,5,559,2,3,182,18,4,381,12,4,381,14,4,407,8,5,551,6,3,190,16,4,371,4,4,395,10
Traditions Club At Texas A & M,Traditions Club At Texas A & M,Bryan,TX,United States,Black,Male,6462,72,72.7,147,80.3,149,4,380,11,3,183,15,4,391,9,4,356,5,5,511,3,4,339,13,3,163,17,5,525,1,4,384,7,5,529,2,3,156,18,4,381,12,4,331,14,4,369,8,5,509,6,3,189,16,4,371,4,4,395,10
Traditions Club At Texas A & M,Traditions Club At Texas A & M,Bryan,TX,United States,Gold,Male,6163,72,71.3,143,78.7,146,4,371,11,3,165,15,4,343,9,4,331,5,5,488,3,4,324,13,3,158,17,5,516,1,4,374,7,5,520,2,3,140,18,4,372,12,4,322,14,4,361,8,5,486,6,3,143,16,4,362,4,4,387,10
Traditions Club At Texas A & M,Traditions Club At Texas A & M,Bryan,TX,United States,G/W Combo,Male,5626,72,68.7,140,75.6,142,4,296,11,3,165,15,4,343,9,4,331,5,5,488,3,4,324,13,3,158,17,5,483,1,4,261,7,5,427,2,3,140,18,4,372,12,4,322,14,4,287,8,5,486,6,3,143,16,4,282,4,4,318,10
Traditions Club At Texas A & M,Traditions Club At Texas A & M,Bryan,TX,United States,White,Male,4964,72,65.6,134,72,137,4,296,11,3,141,15,4,292,9,4,242,5,5,403,3,4,248,13,3,136,17,5,483,1,4,261,7,5,427,2,3,132,18,4,284,12,4,246,14,4,287,8,5,386,6,3,100,16,4,282,4,4,318,10
Traditions Club At Texas A & M,Traditions Club At Texas A & M,Bryan,TX,United States,Maroon,Female,7121,72,,,83.9,155,4,412,11,3,216,5,4,429,15,4,387,17,5,539,7,4,354,13,3,192,9,5,584,3,4,439,1,5,559,2,3,182,18,4,428,14,4,381,16,4,407,12,5,551,8,3,190,10,4,427,4,4,444,6
Traditions Club At Texas A & M,Traditions Club At Texas A & M,Bryan,TX,United States,M/B Combo,Female,6755,72,,,81.9,153,4,412,11,3,183,5,4,391,15,4,387,17,5,539,7,4,354,13,3,163,9,5,525,3,4,384,1,5,559,2,3,182,18,4,381,14,4,381,16,4,407,12,5,551,8,3,190,10,4,371,4,4,395,6
Traditions Club At Texas A & M,Traditions Club At Texas A & M,Bryan,TX,United States,Black,Female,6462,72,,,80.3,149,4,380,11,3,183,5,4,391,15,4,356,17,5,511,7,4,339,13,3,163,9,5,525,3,4,384,1,5,529,2,3,156,18,4,381,14,4,331,16,4,369,12,5,509,8,3,189,10,4,371,4,4,395,6
Traditions Club At Texas A & M,Traditions Club At Texas A & M,Bryan,TX,United States,Gold,Female,6163,72,,,78.7,146,4,371,11,3,165,5,4,343,15,4,331,17,5,488,7,4,324,13,3,158,9,5,516,3,4,374,1,5,520,2,3,140,18,4,372,14,4,322,16,4,361,12,5,486,8,3,143,10,4,362,4,4,387,6
Traditions Club At Texas A & M,Traditions Club At Texas A & M,Bryan,TX,United States,G/W Combo,Female,5626,72,,,75.6,142,4,296,11,3,165,5,4,343,15,4,331,17,5,488,7,4,324,13,3,158,9,5,483,3,4,261,1,5,427,2,3,140,18,4,372,14,4,322,16,4,287,12,5,486,8,3,143,10,4,282,4,4,318,6
Traditions Club At Texas A & M,Traditions Club At Texas A & M,Bryan,TX,United States,White,Female,4964,72,,,72,137,4,296,11,3,141,5,4,292,15,4,242,17,5,403,7,4,248,13,3,136,9,5,483,3,4,261,1,5,427,2,3,132,18,4,284,14,4,246,16,4,287,12,5,386,8,3,100,10,4,282,4,4,318,6
The Golf Club At Texas A&M,The Golf Club At Texas A&M,College Station,TX,United States,Black,Male,7008,71,73.8,130,,,4,347,11,4,433,5,4,448,9,4,353,13,3,200,15,5,618,1,3,217,17,4,332,7,4,491,3,5,550,4,3,200,16,5,530,2,3,180,18,4,457,10,4,389,14,4,394,12,4,465,8,4,404,6
The Golf Club At Texas A&M,The Golf Club At Texas A&M,College Station,TX,United States,Black/Maroon Combo,Male,6776,71,72.7,128,,,4,347,11,4,406,5,4,448,9,4,353,13,3,180,15,5,618,1,3,217,17,4,332,7,4,491,3,5,550,4,3,182,16,5,496,2,3,180,18,4,400,10,4,370,14,4,361,12,4,465,8,4,380,6
The Golf Club At Texas A&M,The Golf Club At Texas A&M,College Station,TX,United States,Maroon,Male,6519,71,71.6,125,,,4,323,11,4,406,5,4,427,9,4,333,13,3,180,15,5,594,1,3,195,17,4,327,7,4,430,3,5,541,4,3,182,16,5,496,2,3,160,18,4,400,10,4,370,14,4,361,12,4,414,8,4,380,6
The Golf Club At Texas A&M,The Golf Club At Texas A&M,College Station,TX,United States,White,Male,6088,71,69.7,123,,,4,298,11,4,385,5,4,409,9,4,311,13,3,160,15,5,558,1,3,167,17,4,287,7,4,409,3,5,509,4,3,167,16,5,469,2,3,140,18,4,378,10,4,351,14,4,338,12,4,392,8,4,360,6
The Golf Club At Texas A&M,The Golf Club At Texas A&M,College Station,TX,United States,Blue,Male,5631,71,67.5,116,72.6,127,4,276,11,4,364,5,4,371,9,4,291,13,3,124,15,5,540,1,3,148,17,4,271,7,4,390,3,5,486,4,3,110,16,5,429,2,3,127,18,4,355,10,4,325,14,4,320,12,4,364,8,4,340,6
The Golf Club At Texas A&M,The Golf Club At Texas A&M,College Station,TX,United States,Yellow,Male,4968,71,64.5,110,68.8,114,4,239,11,4,333,5,4,317,9,4,255,13,3,113,15,5,450,1,3,132,17,4,234,7,4,362,3,5,455,4,3,93,16,5,393,2,3,100,18,4,321,10,4,274,14,4,278,12,4,325,8,4,294,6
The Golf Club At Texas A&M,The Golf Club At Texas A&M,College Station,TX,United States,Blue,Female,5631,71,,,72.6,127,4,276,11,4,364,5,4,371,9,4,291,13,3,124,15,5,540,1,3,148,17,4,271,7,4,390,3,5,486,4,3,110,16,5,429,2,3,127,18,4,355,10,4,325,14,4,320,12,4,364,8,4,340,6
The Golf Club At Texas A&M,The Golf Club At Texas A&M,College Station,TX,United States,Yellow,Female,4968,71,,,68.8,114,4,239,11,4,333,5,4,317,9,4,255,13,3,113,15,5,450,1,3,132,17,4,234,7,4,362,3,5,455,4,3,93,16,5,393,2,3,100,18,4,321,10,4,274,14,4,278,12,4,325,8,4,294,6
The Tribute Golf Links,The Tribute Golf Links,The Colony,TX,United States,Green,Male,6970,72,73.9,130,,,4,372,7,4,421,5,5,581,9,4,431,1,3,127,17,4,423,11,4,466,3,3,196,13,5,505,15,4,456,4,3,172,10,5,512,12,4,305,18,3,189,14,5,566,8,4,418,6,4,471,2,4,359,16
The Tribute Golf Links,The Tribute Golf Links,The Colony,TX,United States,Blue,Male,6527,72,71.6,129,,,4,362,7,4,390,5,5,532,9,4,406,1,3,116,17,4,401,11,4,441,3,3,187,13,5,480,15,4,426,4,3,165,10,5,480,12,4,287,18,3,156,14,5,519,8,4,379,6,4,446,2,4,354,16
The Tribute Golf Links,The Tribute Golf Links,The Colony,TX,United States,White,Male,6015,72,69.3,115,75.2,130,4,354,7,4,365,5,5,500,9,4,379,1,3,101,17,4,365,11,4,387,3,3,169,13,5,437,15,4,394,4,3,158,10,5,455,12,4,243,18,3,130,14,5,495,8,4,347,6,4,398,2,4,338,16
The Tribute Golf Links,The Tribute Golf Links,The Colony,TX,United States,Red,Male,5352,72,66,110,71.3,118,4,322,7,4,306,5,5,441,9,4,341,1,3,82,17,4,328,11,4,324,3,3,150,13,5,412,15,4,370,4,3,134,10,5,421,12,4,214,18,3,107,14,5,423,8,4,313,6,4,368,2,4,296,16
The Tribute Golf Links,The Tribute Golf Links,The Colony,TX,United States,White,Female,6002,72,,,75.2,130,4,354,7,4,365,5,5,500,9,4,379,1,3,101,17,4,365,11,4,387,3,3,169,13,5,437,15,4,394,4,3,145,10,5,455,12,4,243,18,3,130,14,5,495,8,4,347,6,4,398,2,4,338,16
The Tribute Golf Links,The Tribute Golf Links,The Colony,TX,United States,Red,Female,5352,72,,,71.3,118,4,322,7,4,306,5,5,441,9,4,341,1,3,82,17,4,328,11,4,324,3,3,150,13,5,412,15,4,370,4,3,134,10,5,421,12,4,214,18,3,107,14,5,423,8,4,313,6,4,368,2,4,296,16
Whitworth,Trophy Club Country Club,Trophy Club,TX,United States,Blue,Male,6972,72,74,135,,,4,394,12,4,402,8,3,158,16,4,403,14,5,610,4,4,388,6,5,520,2,3,212,18,4,362,10,5,517,3,4,408,7,4,399,5,3,205,15,5,560,9,4,370,1,4,427,11,3,177,17,4,460,13
Whitworth,Trophy Club Country Club,Trophy Club,TX,United States,Copper,Male,6563,72,72,130,,,4,394,12,4,370,8,3,127,16,4,403,14,5,557,4,4,388,6,5,520,2,3,174,18,4,336,10,5,517,3,4,375,7,4,370,5,3,167,15,5,560,9,4,339,1,4,393,11,3,177,17,4,396,13
Whitworth,Trophy Club Country Club,Trophy Club,TX,United States,White,Male,6205,72,70.4,126,76.8,138,4,364,12,4,370,8,3,117,16,4,372,14,5,557,4,4,343,6,5,488,2,3,149,18,4,305,10,5,487,3,4,375,7,4,349,5,3,167,15,5,528,9,4,320,1,4,393,11,3,125,17,4,396,13
Whitworth,Trophy Club Country Club,Trophy Club,TX,United States,Gold,Male,5737,72,68.3,122,74.2,132,4,364,12,4,304,8,3,117,16,4,348,14,5,512,4,4,343,6,5,488,2,3,134,18,4,305,10,5,487,3,4,276,7,4,318,5,3,130,15,5,528,9,4,296,1,4,335,11,3,125,17,4,327,13
Whitworth,Trophy Club Country Club,Trophy Club,TX,United States,Silver,Male,5240,72,66.3,115,71.2,124,4,289,12,4,304,8,3,95,16,4,348,14,5,463,4,4,306,6,5,436,2,3,134,18,4,277,10,5,419,3,4,276,7,4,286,5,3,130,15,5,447,9,4,276,1,4,335,11,3,92,17,4,327,13
Whitworth,Trophy Club Country Club,Trophy Club,TX,United States,Junior,Male,3535,72,59.8,100,61.6,103,4,224,12,4,208,8,3,84,16,4,199,14,5,370,4,4,190,6,5,309,2,3,107,18,4,188,10,5,298,3,4,224,7,4,172,5,3,99,15,5,270,9,4,65,1,4,237,11,3,89,17,4,202,13
Whitworth,Trophy Club Country Club,Trophy Club,TX,United States,White,Female,6205,72,,,76.8,138,4,364,10,4,370,12,3,117,16,4,372,8,5,557,6,4,343,14,5,488,4,3,149,18,4,305,2,5,487,5,4,375,7,4,349,11,3,167,15,5,528,3,4,320,1,4,393,9,3,125,17,4,396,13
Whitworth,Trophy Club Country Club,Trophy Club,TX,United States,Gold,Female,5737,72,,,74.2,132,4,364,10,4,304,12,3,117,16,4,348,8,5,512,6,4,343,14,5,488,4,3,134,18,4,305,2,5,487,5,4,276,7,4,318,11,3,130,15,5,528,3,4,296,1,4,335,9,3,125,17,4,327,13
Whitworth,Trophy Club Country Club,Trophy Club,TX,United States,Silver,Female,5240,72,,,71.2,124,4,289,10,4,304,12,3,95,16,4,348,8,5,463,6,4,306,14,5,436,4,3,134,18,4,277,2,5,419,5,4,276,7,4,286,11,3,130,15,5,447,3,4,276,1,4,335,9,3,92,17,4,327,13
Whitworth,Trophy Club Country Club,Trophy Club,TX,United States,Junior,Female,3535,72,,,61.6,103,4,224,10,4,208,12,3,84,16,4,199,8,5,370,6,4,190,14,5,309,4,3,107,18,4,188,2,5,298,5,4,224,7,4,172,11,3,99,15,5,270,3,4,65,1,4,237,9,3,89,17,4,202,13
Hogan,Trophy Club Country Club,Trophy Club,TX,United States,Blue,Male,7001,72,74.1,133,,,5,521,1,4,406,5,4,404,13,4,373,7,3,183,15,5,522,3,4,434,11,3,205,17,4,421,9,5,571,4,4,394,8,3,180,18,4,411,12,4,391,6,4,454,14,5,523,2,3,194,16,4,414,10
Hogan,Trophy Club Country Club,Trophy Club,TX,United States,Copper,Male,6714,72,72.3,130,,,5,521,1,4,391,5,4,382,13,4,373,7,3,170,15,5,522,3,4,411,11,3,167,17,4,398,9,5,526,4,4,370,8,3,170,18,4,387,12,4,391,6,4,420,14,5,523,2,3,178,16,4,414,10
Hogan,Trophy Club Country Club,Trophy Club,TX,United States,White,Male,6413,72,71.1,128,78,141,5,495,1,4,391,5,4,360,13,4,352,7,3,147,15,5,499,3,4,411,11,3,167,17,4,398,9,5,526,4,4,370,8,3,170,18,4,362,12,4,367,6,4,334,14,5,500,2,3,178,16,4,386,10
Hogan,Trophy Club Country Club,Trophy Club,TX,United States,Gold,Male,5948,72,68.4,125,73.4,129,5,442,1,4,322,5,4,360,13,4,352,7,3,147,15,5,499,3,4,328,11,3,109,17,4,314,9,5,497,4,4,312,8,3,156,18,4,362,12,4,367,6,4,334,14,5,500,2,3,161,16,4,386,10
Hogan,Trophy Club Country Club,Trophy Club,TX,United States,Silver,Male,5567,72,66.9,122,72.1,125,5,442,1,4,322,5,4,285,13,4,315,7,3,118,15,5,410,3,4,328,11,3,109,17,4,314,9,5,497,4,4,312,8,3,156,18,4,338,12,4,363,6,4,318,14,5,416,2,3,161,16,4,363,10
Hogan,Trophy Club Country Club,Trophy Club,TX,United States,White,Female,6413,72,,,78,141,5,495,3,4,391,7,4,360,15,4,352,5,3,147,17,5,499,1,4,411,13,3,167,11,4,398,9,5,526,6,4,370,10,3,170,16,4,362,14,4,367,4,4,334,12,5,500,2,3,178,18,4,386,8
Hogan,Trophy Club Country Club,Trophy Club,TX,United States,Gold,Female,5948,72,,,73.4,129,5,442,3,4,322,7,4,360,15,4,352,5,3,147,17,5,499,1,4,328,13,3,109,11,4,314,9,5,497,6,4,312,10,3,156,16,4,362,14,4,367,4,4,334,12,5,500,2,3,161,18,4,386,8
Hogan,Trophy Club Country Club,Trophy Club,TX,United States,Silver,Female,5567,72,,,72.1,125,5,442,3,4,322,7,4,285,15,4,315,5,3,118,17,5,410,1,4,328,13,3,109,11,4,314,9,5,497,6,4,312,10,3,156,16,4,338,14,4,363,4,4,318,12,5,416,2,3,161,18,4,363,8
Van Zandt Country Club,Van Zandt Country Club,Canton,TX,United States,Black,Male,6971,72,73.6,123,80.3,135,4,375,1,4,390,5,3,199,13,4,415,15,5,585,3,4,391,7,4,433,17,5,612,9,3,191,11,4,358,16,4,428,8,3,206,12,4,393,4,4,399,2,5,515,10,3,171,18,4,402,14,5,508,6
Van Zandt Country Club,Van Zandt Country Club,Canton,TX,United States,White,Male,6735,72,72.5,122,79,132,4,365,1,4,380,5,3,189,13,4,405,15,5,575,3,4,381,7,4,423,17,5,552,9,3,175,11,4,348,16,4,418,8,3,196,12,4,383,4,4,389,2,5,505,10,3,161,18,4,392,14,5,498,6
Van Zandt Country Club,Van Zandt Country Club,Canton,TX,United States,Gold,Male,5750,72,68,111,73.5,121,4,340,1,4,338,5,3,166,13,4,300,15,5,522,3,4,310,7,4,270,17,5,453,9,3,160,11,4,310,16,4,350,8,3,163,12,4,352,4,4,363,2,5,461,10,3,135,18,4,307,14,5,450,6
Van Zandt Country Club,Van Zandt Country Club,Canton,TX,United States,Red,Male,5398,72,66.2,109,71.2,114,4,330,1,4,335,5,3,147,13,4,297,15,5,437,3,4,310,7,4,270,17,5,446,9,3,133,11,4,248,16,4,290,8,3,160,12,4,290,4,4,360,2,5,458,10,3,135,18,4,304,14,5,448,6
Van Zandt Country Club,Van Zandt Country Club,Canton,TX,United States,Blue,Male,4592,72,62.8,102,66.7,107,4,251,1,4,299,5,3,127,13,4,260,15,5,384,3,4,259,7,4,243,17,5,409,9,3,129,11,4,241,16,4,250,8,3,113,12,4,256,4,4,287,2,5,313,10,3,115,18,4,263,14,5,393,6
Van Zandt Country Club,Van Zandt Country Club,Canton,TX,United States,Black,Female,6971,72,,,80.3,135,4,375,13,4,390,11,3,199,7,4,415,5,5,585,3,4,391,9,4,433,15,5,612,1,3,191,17,4,358,16,4,428,12,3,206,14,4,393,8,4,399,4,5,515,6,3,171,18,4,402,10,5,508,2
Van Zandt Country Club,Van Zandt Country Club,Canton,TX,United States,White,Female,6735,72,,,79,132,4,365,13,4,380,11,3,189,7,4,405,5,5,575,3,4,381,9,4,423,15,5,552,1,3,175,17,4,348,16,4,418,12,3,196,14,4,383,8,4,389,4,5,505,6,3,161,18,4,392,10,5,498,2
Van Zandt Country Club,Van Zandt Country Club,Canton,TX,United States,Gold,Female,5750,72,,,73.5,121,4,340,13,4,338,11,3,166,7,4,300,5,5,522,3,4,310,9,4,270,15,5,453,1,3,160,17,4,310,16,4,350,12,3,163,14,4,352,8,4,363,4,5,461,6,3,135,18,4,307,10,5,450,2
Van Zandt Country Club,Van Zandt Country Club,Canton,TX,United States,Red,Female,5398,72,,,71.2,114,4,330,13,4,335,11,3,147,7,4,297,5,5,437,3,4,310,9,4,270,15,5,446,1,3,133,17,4,248,16,4,290,12,3,160,14,4,290,8,4,360,4,5,458,6,3,135,18,4,304,10,5,448,2
Van Zandt Country Club,Van Zandt Country Club,Canton,TX,United States,Blue,Female,4592,72,,,66.7,107,4,251,13,4,299,11,3,127,7,4,260,5,5,384,3,4,259,9,4,243,15,5,409,1,3,129,17,4,241,16,4,250,12,3,113,14,4,256,8,4,287,4,5,313,6,3,115,18,4,263,10,5,393,2
Willow Fork Country Club,Willow Fork Country Club,Katy,TX,United States,Championship,Male,6946,72,74.1,137,,,4,408,5,4,417,9,4,438,13,5,488,1,3,192,15,4,339,3,3,168,17,5,566,11,4,450,7,4,409,10,3,187,16,4,383,8,3,166,18,4,392,12,5,534,2,4,429,14,4,433,6,5,547,4
Willow Fork Country Club,Willow Fork Country Club,Katy,TX,United States,Back,Male,6658,72,71.8,134,,,4,366,5,4,382,9,4,363,13,5,478,1,3,168,15,4,332,3,3,158,17,5,551,11,4,427,7,4,385,10,3,183,16,4,390,8,3,163,18,4,396,12,5,530,2,4,412,14,4,427,6,5,547,4
Willow Fork Country Club,Willow Fork Country Club,Katy,TX,United States,Players,Male,6633,72,72.1,135,,,4,395,5,4,373,9,4,353,13,5,488,1,3,168,15,4,329,3,3,168,17,5,555,11,4,418,7,4,409,10,3,187,16,4,361,8,3,166,18,4,380,12,5,534,2,4,400,14,4,433,6,5,516,4
Willow Fork Country Club,Willow Fork Country Club,Katy,TX,United States,Middle,Male,6311,72,70.9,130,,,4,351,5,4,356,9,4,330,13,5,468,1,3,146,15,4,312,3,3,140,17,5,515,11,4,411,7,4,375,10,3,160,16,4,375,8,3,147,18,4,378,12,5,505,2,4,392,14,4,413,6,5,537,4
Willow Fork Country Club,Willow Fork Country Club,Katy,TX,United States,Forward,Male,5528,72,67.1,123,73.1,130,4,291,5,4,331,9,4,303,13,5,412,1,3,95,15,4,277,3,3,70,17,5,423,11,4,407,7,4,336,10,3,107,16,4,338,8,3,125,18,4,345,12,5,434,2,4,370,14,4,380,6,5,484,4
Willow Fork Country Club,Willow Fork Country Club,Katy,TX,United States,Forward,Female,5642,73,,,73.1,130,4,301,14,4,331,10,4,313,12,5,422,2,3,105,18,4,287,6,3,70,16,5,438,8,5,380,4,4,346,9,3,117,17,4,348,11,3,135,15,4,355,13,5,444,3,4,380,5,4,390,7,5,480,1
Willow Springs Golf Course,Alamo City Golf Trail,San Antonio,TX,United States,Blue,Male,7029,72,74.6,133,82.1,140,4,379,9,5,655,7,4,433,1,3,180,15,4,395,5,5,519,17,4,397,3,3,210,11,4,353,13,5,472,16,3,156,18,5,587,6,4,413,10,4,448,2,4,406,14,4,450,4,4,366,8,3,210,12
Willow Springs Golf Course,Alamo City Golf Trail,San Antonio,TX,United States,White,Male,6529,72,72.4,127,79.3,136,4,367,9,5,622,7,4,389,1,3,169,15,4,384,5,5,494,17,4,353,3,3,190,11,4,295,13,5,452,16,3,137,18,5,543,6,4,383,10,4,415,2,4,357,14,4,435,4,4,354,8,3,190,12
Willow Springs Golf Course,Alamo City Golf Trail,San Antonio,TX,United States,Gold,Male,6104,72,70,123,76.9,131,4,327,9,5,575,7,4,378,1,3,158,15,4,346,5,5,474,17,4,345,3,3,170,11,4,284,13,5,448,16,3,95,18,5,496,6,4,356,10,4,403,2,4,347,14,4,390,4,4,342,8,3,170,12
Willow Springs Golf Course,Alamo City Golf Trail,San Antonio,TX,United States,Red,Male,5311,72,66.4,119,72.5,122,4,322,9,5,488,7,4,306,1,3,135,15,4,290,5,5,402,17,4,318,3,3,147,11,4,258,13,5,320,16,3,86,18,5,417,6,4,350,10,4,370,2,4,335,14,4,338,4,4,298,8,3,131,12
Willow Springs Golf Course,Alamo City Golf Trail,San Antonio,TX,United States,Blue,Female,7029,72,,,82.1,140,4,379,7,5,655,3,4,433,11,3,180,17,4,395,5,5,519,15,4,397,1,3,210,13,4,353,9,5,472,18,3,156,16,5,587,6,4,413,8,4,448,2,4,406,12,4,450,10,4,366,4,3,210,14
Willow Springs Golf Course,Alamo City Golf Trail,San Antonio,TX,United States,White,Female,6529,72,,,79.3,136,4,367,7,5,622,3,4,389,11,3,169,17,4,384,5,5,494,15,4,353,1,3,190,13,4,295,9,5,452,18,3,137,16,5,543,6,4,383,8,4,415,2,4,357,12,4,435,10,4,354,4,3,190,14
Willow Springs Golf Course,Alamo City Golf Trail,San Antonio,TX,United States,Gold,Female,6104,72,,,76.9,131,4,327,7,5,575,3,4,378,11,3,158,17,4,346,5,5,474,15,4,345,1,3,170,13,4,284,9,5,448,18,3,95,16,5,496,6,4,356,8,4,403,2,4,347,12,4,390,10,4,342,4,3,170,14
Willow Springs Golf Course,Alamo City Golf Trail,San Antonio,TX,United States,Red,Female,5311,72,,,72.5,122,4,322,7,5,488,3,4,306,11,3,135,17,4,290,5,5,402,15,4,318,1,3,147,13,4,258,9,5,320,18,3,86,16,5,417,6,4,350,8,4,370,2,4,335,12,4,338,10,4,298,4,3,131,14
Wolfdancer Golf Club,Wolfdancer Golf Club,Lost Pines,TX,United States,Black,Male,7080,72,75.7,141,,,4,416,17,4,420,3,5,592,1,3,230,5,5,586,7,3,166,15,4,332,13,4,462,11,4,421,9,4,395,12,4,340,14,3,155,18,4,462,4,5,578,6,4,323,16,4,472,2,3,200,8,5,530,10
Wolfdancer Golf Club,Wolfdancer Golf Club,Lost Pines,TX,United States,Blue,Male,6675,72,73.8,135,,,4,386,17,4,400,3,5,571,1,3,208,5,5,565,7,3,146,15,4,307,13,4,415,11,4,402,9,4,377,12,4,321,14,3,135,18,4,432,4,5,559,6,4,306,16,4,454,2,3,180,8,5,511,10
Wolfdancer Golf Club,Wolfdancer Golf Club,Lost Pines,TX,United States,White,Male,6128,72,71.3,132,77.3,138,4,352,17,4,376,3,5,540,1,3,184,5,5,520,7,3,125,15,4,262,13,4,386,11,4,375,9,4,336,12,4,262,14,3,115,18,4,410,4,5,534,6,4,285,16,4,423,2,3,156,8,5,487,10
Wolfdancer Golf Club,Wolfdancer Golf Club,Lost Pines,TX,United States,Green,Male,5556,72,69.1,125,73.9,135,4,312,17,4,341,3,5,504,1,3,147,5,5,480,7,3,105,15,4,244,13,4,325,11,4,339,9,4,303,12,4,231,14,3,100,18,4,366,4,5,506,6,4,264,16,4,392,2,3,138,8,5,459,10
Wolfdancer Golf Club,Wolfdancer Golf Club,Lost Pines,TX,United States,Red,Male,4860,72,66,121,70.6,124,4,228,17,4,297,3,5,476,1,3,107,5,5,450,7,3,91,15,4,199,13,4,288,11,4,287,9,4,270,12,4,180,14,3,80,18,4,333,4,5,453,6,4,239,16,4,365,2,3,106,8,5,411,10
Wolfdancer Golf Club,Wolfdancer Golf Club,Lost Pines,TX,United States,White,Female,6314,72,,,77.3,138,4,352,17,4,384,3,5,556,1,3,192,5,5,548,7,3,132,15,4,267,13,4,393,11,4,379,9,4,336,12,4,267,14,3,115,18,4,423,4,5,550,6,4,295,16,4,437,2,3,190,8,5,498,10
Wolfdancer Golf Club,Wolfdancer Golf Club,Lost Pines,TX,United States,Green,Female,5556,72,,,73.9,135,4,312,17,4,341,3,5,504,1,3,147,5,5,480,7,3,105,15,4,244,13,4,325,11,4,339,9,4,303,12,4,231,14,3,100,18,4,366,4,5,506,6,4,264,16,4,392,2,3,138,8,5,459,10
Wolfdancer Golf Club,Wolfdancer Golf Club,Lost Pines,TX,United States,Red,Female,4860,72,,,70.6,124,4,228,17,4,297,3,5,476,1,3,107,5,5,450,7,3,91,15,4,199,13,4,288,11,4,287,9,4,270,12,4,180,14,3,80,18,4,333,4,5,453,6,4,239,16,4,365,2,3,106,8,5,411,10
Palmer - General/Deacon,Woodlands Country Club,The Woodlands,TX,United States,Black,Male,7071,72,74.6,136,,,4,449,13,3,191,15,4,402,7,5,528,1,4,403,5,3,201,17,4,426,11,5,574,3,4,423,9,5,503,8,3,161,18,4,427,6,4,406,12,3,196,16,4,430,4,4,376,14,4,404,10,5,571,2
Palmer - General/Deacon,Woodlands Country Club,The Woodlands,TX,United States,Blue,Male,6612,72,72.5,132,,,4,414,13,3,176,15,4,363,7,5,504,1,4,384,5,3,189,17,4,401,11,5,543,3,4,385,9,5,472,8,3,142,18,4,407,6,4,384,12,3,174,16,4,406,4,4,354,14,4,378,10,5,536,2
Palmer - General/Deacon,Woodlands Country Club,The Woodlands,TX,United States,White,Male,6201,72,70.7,129,75.4,137,4,398,13,3,161,15,4,333,7,5,462,1,4,351,5,3,172,17,4,370,11,5,519,3,4,365,9,5,446,8,3,133,18,4,380,6,4,360,12,3,162,16,4,384,4,4,337,14,4,350,10,5,518,2
Palmer - General/Deacon,Woodlands Country Club,The Woodlands,TX,United States,Gold,Male,5863,72,69.2,123,74.5,134,4,354,13,3,146,15,4,326,7,5,430,1,4,341,5,3,166,17,4,362,11,5,511,3,4,357,9,5,434,8,3,119,18,4,365,6,4,327,12,3,134,16,4,350,4,4,319,14,4,336,10,5,486,2
Palmer - General/Deacon,Woodlands Country Club,The Woodlands,TX,United States,Green,Male,5175,72,65.9,119,71.2,120,4,349,13,3,131,15,4,301,7,5,407,1,4,306,5,3,142,17,4,315,11,5,477,3,4,286,9,5,380,8,3,93,18,4,305,6,4,280,12,3,113,16,4,283,4,4,270,14,4,302,10,5,435,2
Palmer - General/Deacon,Woodlands Country Club,The Woodlands,TX,United States,White,Female,6201,72,,,75.4,137,4,398,7,3,161,17,4,333,13,5,462,3,4,351,5,3,172,15,4,370,11,5,519,1,4,365,9,5,446,14,3,133,18,4,380,4,4,360,12,3,162,16,4,384,8,4,337,2,4,350,10,5,518,6
Palmer - General/Deacon,Woodlands Country Club,The Woodlands,TX,United States,Gold,Female,5863,72,,,74.5,134,4,354,7,3,146,17,4,326,13,5,430,3,4,341,5,3,166,15,4,362,11,5,511,1,4,357,9,5,434,14,3,119,18,4,365,4,4,327,12,3,134,16,4,350,8,4,319,2,4,336,10,5,486,6
Palmer - General/Deacon,Woodlands Country Club,The Woodlands,TX,United States,Green,Female,5175,72,,,71.2,120,4,349,7,3,131,17,4,301,13,5,407,3,4,306,5,3,142,15,4,315,11,5,477,1,4,286,9,5,380,14,3,93,18,4,305,4,4,280,12,3,113,16,4,283,8,4,270,2,4,302,10,5,435,6
Palmer - Deacon/King,Woodlands Country Club,The Woodlands,TX,United States,Black,Male,7076,72,74.4,136,,,5,503,7,3,161,17,4,427,5,4,406,11,3,196,15,4,430,3,4,376,13,4,404,9,5,571,1,4,426,12,3,178,18,5,564,4,4,420,2,4,446,10,3,202,16,5,549,6,4,423,14,4,394,8
Palmer - Deacon/King,Woodlands Country Club,The Woodlands,TX,United States,Blue,Male,6537,72,72,132,,,5,472,7,3,137,17,4,407,5,4,384,11,3,167,15,4,406,3,4,354,13,4,378,9,5,526,1,4,401,12,3,148,18,5,525,4,4,398,2,4,407,10,3,197,16,5,488,6,4,385,14,4,357,8
Palmer - Deacon/King,Woodlands Country Club,The Woodlands,TX,United States,White,Male,6152,72,70.2,128,75.3,136,5,446,7,3,133,17,4,380,5,4,360,11,3,162,15,4,384,3,4,337,13,4,350,9,5,518,1,4,382,12,3,123,18,5,491,4,4,376,2,4,383,10,3,174,16,5,474,6,4,363,14,4,316,8
Palmer - Deacon/King,Woodlands Country Club,The Woodlands,TX,United States,Gold,Male,5815,72,68.6,122,74.3,133,5,434,7,3,119,17,4,365,5,4,327,11,3,134,15,4,350,3,4,319,13,4,336,9,5,486,1,4,372,12,3,115,18,5,480,4,4,359,2,4,364,10,3,152,16,5,464,6,4,331,14,4,308,8
Palmer - Deacon/King,Woodlands Country Club,The Woodlands,TX,United States,Green,Male,5086,72,65.1,117,70.4,119,5,380,7,3,93,17,4,305,5,4,280,11,3,113,15,4,283,3,4,270,13,4,302,9,5,435,1,4,298,12,3,99,18,5,440,4,4,316,2,4,324,10,3,126,16,5,443,6,4,295,14,4,284,8
Palmer - Deacon/King,Woodlands Country Club,The Woodlands,TX,United States,White,Female,5907,72,,,75.3,136,5,441,13,3,119,17,4,380,3,4,327,11,3,130,15,4,350,7,4,328,1,4,344,9,5,486,5,4,377,12,3,119,18,5,485,4,4,342,10,4,383,8,3,152,16,5,469,2,4,363,14,4,312,6
Palmer - Deacon/King,Woodlands Country Club,The Woodlands,TX,United States,Gold,Female,5815,72,,,74.3,133,5,434,13,3,119,17,4,365,3,4,327,11,3,134,15,4,350,7,4,319,1,4,336,9,5,486,5,4,372,12,3,115,18,5,480,4,4,359,10,4,364,8,3,152,16,5,464,2,4,331,14,4,308,6
Palmer - Deacon/King,Woodlands Country Club,The Woodlands,TX,United States,Green,Female,5086,72,,,70.4,119,5,380,13,3,93,17,4,305,3,4,280,11,3,113,15,4,283,7,4,270,1,4,302,9,5,435,5,4,298,12,3,99,18,5,440,4,4,316,10,4,324,8,3,126,16,5,443,2,4,295,14,4,284,6
Palmer - King/General,Woodlands Country Club,The Woodlands,TX,United States,Black,Male,7199,72,75.2,140,,,4,426,11,3,178,17,5,564,3,4,420,1,4,446,9,3,202,15,5,549,5,4,423,13,4,394,7,4,449,14,3,191,16,4,402,8,5,528,2,4,403,6,3,201,18,4,426,12,5,574,4,4,423,10
Palmer - King/General,Woodlands Country Club,The Woodlands,TX,United States,Blue,Male,6665,72,72.7,136,,,4,401,11,3,148,17,5,525,3,4,398,1,4,407,9,3,197,15,5,488,5,4,385,13,4,357,7,4,414,14,3,176,16,4,363,8,5,504,2,4,384,6,3,189,18,4,401,12,5,543,4,4,385,10
Palmer - King/General,Woodlands Country Club,The Woodlands,TX,United States,White,Male,6213,72,70.9,128,76.7,138,4,382,11,3,123,17,5,491,3,4,376,1,4,383,9,3,174,15,5,474,5,4,363,13,4,316,7,4,398,14,3,161,16,4,333,8,5,462,2,4,351,6,3,172,18,4,370,12,5,519,4,4,365,10
Palmer - King/General,Woodlands Country Club,The Woodlands,TX,United States,Gold,Male,5938,72,69.4,126,75.2,135,4,372,11,3,115,17,5,480,3,4,359,1,4,364,9,3,152,15,5,464,5,4,331,13,4,308,7,4,354,14,3,146,16,4,326,8,5,430,2,4,341,6,3,166,18,4,362,12,5,511,4,4,357,10
Palmer - King/General,Woodlands Country Club,The Woodlands,TX,United States,Green,Male,5339,72,66.6,123,72,125,4,298,11,3,99,17,5,440,3,4,316,1,4,324,9,3,126,15,5,443,5,4,295,13,4,284,7,4,349,14,3,131,16,4,301,8,5,407,2,4,306,6,3,142,18,4,315,12,5,477,4,4,286,10
Palmer - King/General,Woodlands Country Club,The Woodlands,TX,United States,White,Female,6213,72,,,76.7,138,4,382,11,3,123,17,5,491,3,4,376,9,4,383,7,3,174,15,5,474,1,4,363,13,4,316,5,4,398,8,3,161,18,4,333,14,5,462,4,4,351,6,3,172,16,4,370,12,5,519,2,4,365,10
Palmer - King/General,Woodlands Country Club,The Woodlands,TX,United States,Gold,Female,5938,72,,,75.2,135,4,372,11,3,115,17,5,480,3,4,359,9,4,364,7,3,152,15,5,464,1,4,331,13,4,308,5,4,354,8,3,146,18,4,326,14,5,430,4,4,341,6,3,166,16,4,362,12,5,511,2,4,357,10
Palmer - King/General,Woodlands Country Club,The Woodlands,TX,United States,Green,Female,5339,72,,,72,125,4,298,11,3,99,17,5,440,3,4,316,9,4,324,7,3,126,15,5,443,1,4,295,13,4,284,5,4,349,8,3,131,18,4,301,14,5,407,4,4,306,6,3,142,16,4,315,12,5,477,2,4,286,10